[1m[2m[STORAGE][0m isolated: C:\Users\ericm\AppData\Local\Temp\dnd-longform-q3rvdxt9
2026-07-22 00:15:33 [info     ] connecting_to_database         path=C:\Users\ericm\AppData\Local\Temp\dnd-longform-q3rvdxt9\dnd_bot.db
2026-07-22 00:15:34 [info     ] applying_migration             file=001_initial_schema.sql version=1
2026-07-22 00:15:34 [info     ] migration_applied              version=1
2026-07-22 00:15:34 [info     ] applying_migration             file=002_add_indexes_and_cascades.sql version=2
2026-07-22 00:15:34 [info     ] migration_applied              version=2
2026-07-22 00:15:34 [info     ] applying_migration             file=003_knowledge_graph.sql version=3
2026-07-22 00:15:34 [info     ] migration_applied              version=3
2026-07-22 00:15:34 [info     ] applying_migration             file=004_immersion_features.sql version=4
2026-07-22 00:15:34 [info     ] migration_applied              version=4
2026-07-22 00:15:34 [info     ] applying_migration             file=005_character_immersion_columns.sql version=5
2026-07-22 00:15:34 [info     ] migration_applied              version=5
2026-07-22 00:15:34 [info     ] database_connected
2026-07-22 00:15:34 [info     ] loading_srd_data               path='C:\\Projects\\Discord Bots\\D&D 5e\\Main\\..\\5e-database\\src\\2014'
2026-07-22 00:15:34 [debug    ] srd_category_loaded            category=ability_scores count=6
2026-07-22 00:15:34 [debug    ] srd_category_loaded            category=alignments count=9
2026-07-22 00:15:34 [debug    ] srd_category_loaded            category=backgrounds count=1
2026-07-22 00:15:34 [debug    ] srd_category_loaded            category=classes count=12
2026-07-22 00:15:34 [debug    ] srd_category_loaded            category=conditions count=15
2026-07-22 00:15:34 [debug    ] srd_category_loaded            category=damage_types count=13
2026-07-22 00:15:34 [debug    ] srd_category_loaded            category=equipment_categories count=39
2026-07-22 00:15:34 [debug    ] srd_category_loaded            category=equipment count=237
2026-07-22 00:15:34 [debug    ] srd_category_loaded            category=feats count=1
2026-07-22 00:15:34 [debug    ] srd_category_loaded            category=features count=407
2026-07-22 00:15:34 [debug    ] srd_category_loaded            category=languages count=16
2026-07-22 00:15:34 [debug    ] srd_category_loaded            category=levels count=290
2026-07-22 00:15:34 [debug    ] srd_category_loaded            category=magic_items count=362
2026-07-22 00:15:34 [debug    ] srd_category_loaded            category=magic_schools count=8
2026-07-22 00:15:34 [debug    ] srd_category_loaded            category=monsters count=334
2026-07-22 00:15:34 [debug    ] srd_category_loaded            category=proficiencies count=117
2026-07-22 00:15:34 [debug    ] srd_category_loaded            category=races count=9
2026-07-22 00:15:34 [debug    ] srd_category_loaded            category=rule_sections count=33
2026-07-22 00:15:34 [debug    ] srd_category_loaded            category=rules count=6
2026-07-22 00:15:34 [debug    ] srd_category_loaded            category=skills count=18
2026-07-22 00:15:34 [debug    ] srd_category_loaded            category=spells count=319
2026-07-22 00:15:34 [debug    ] srd_category_loaded            category=subclasses count=12
2026-07-22 00:15:34 [debug    ] srd_category_loaded            category=subraces count=4
2026-07-22 00:15:34 [debug    ] srd_category_loaded            category=traits count=38
2026-07-22 00:15:34 [debug    ] srd_category_loaded            category=weapon_properties count=11
2026-07-22 00:15:34 [info     ] srd_data_loaded                categories=25 total_items=2317
2026-07-22 00:15:34 [debug    ] starting_item_added            character_id=ac9781f6-20e0-4bb4-ab8b-d2783a0f5ee1 item=Longbow quantity=1
2026-07-22 00:15:34 [debug    ] starting_item_added            character_id=ac9781f6-20e0-4bb4-ab8b-d2783a0f5ee1 item=Arrow quantity=20
2026-07-22 00:15:34 [info     ] starting_equipment_assigned    character_id=ac9781f6-20e0-4bb4-ab8b-d2783a0f5ee1 class_index=ranger gold=100 item_count=5
[1m[92m[EQUIPMENT][0m Starting gear assigned
[1m[92m[CAMPAIGN][0m test_harness (31747d57...)
[1m[92m[CHARACTER][0m Kael Windrunner - L1 elf ranger
2026-07-22 00:15:34 [info     ] knowledge_graph_loaded         campaign_id=31747d57-12ea-4807-9831-a15b172a741c edges=0 nodes=0
2026-07-22 00:15:34 [info     ] knowledge_graph_loaded         campaign_id=31747d57-12ea-4807-9831-a15b172a741c edges=0 nodes=0
2026-07-22 00:15:34 [info     ] session_started                campaign_id=31747d57-12ea-4807-9831-a15b172a741c channel_id=999999 session_id=e48d3bbd-6b83-42c7-9667-155eb1d6fa84 session_number=1
[1m[92m[SESSION][0m Started: e48d3bbd-6b83-42c7-9667-155eb1d6fa84
2026-07-22 00:15:34 [info     ] player_joined_session          character='Kael Windrunner' session_id=e48d3bbd-6b83-42c7-9667-155eb1d6fa84 user_id=888888
[1m[92m[PLAYER][0m Joined as Kael Windrunner
2026-07-22 00:15:34 [debug    ] kg_operations_applied          count=4 rejections=0
2026-07-22 00:15:34 [info     ] entity_registered              disposition=friendly hostility=0 id=d4057ba2-ec0b-4881-ae0e-d8d452f24f3e monster_index=None name='Mara Venn' type=npc
2026-07-22 00:15:34 [info     ] entity_registered              disposition=neutral hostility=0 id=brass-compass monster_index=None name='brass compass' type=object
2026-07-22 00:15:34 [info     ] entity_registered              disposition=neutral hostility=0 id=sealed-reliquary monster_index=None name='sealed reliquary' type=object

[1m------------------------------------------------------------[0m
[1m  Turn 1: [96m"I greet Mara Venn by name and ask what she has learned about the Ash Gate."[0m
[1m------------------------------------------------------------[0m
2026-07-22 00:15:38 [info     ] chromadb_initialized           path=C:\Users\ericm\AppData\Local\Temp\dnd-longform-q3rvdxt9\chroma
2026-07-22 00:15:41 [info     ] narrator_client_init           cache_hit=False model=deepseek-v4-flash profile=deepseek_v4_flash_qwen9b provider=deepseek requested_tier=standard resolved_tier=standard
2026-07-22 00:15:41 [info     ] brain_client_init              model=qwen3.5:9b profile=deepseek_v4_flash_qwen9b provider=ollama
2026-07-22 00:15:41 [info     ] processing_action              action='I greet Mara Venn by name and ask what she has lea' player='Kael Windrunner'
2026-07-22 00:15:46 [info     ] ollama_raw_response            has_message_attr=True is_dict=False response_type=ChatResponse
2026-07-22 00:15:46 [info     ] ollama_message_extracted       content_length=128 content_preview='{\n    "action_type": "social",\n    "narrative_significance": "routine",\n    "resources_consumed": [],\n    "currency_spent": {}\n}' content_type=str has_thinking=False
2026-07-22 00:15:46 [debug    ] triage_raw_response            content='{\n    "action_type": "social",\n    "narrative_significance": "routine",\n    "resources_consumed": [],\n    "currency_spent": {}\n}'
2026-07-22 00:15:46 [info     ] triage_decision                action_type=social dc=None is_creature_target=False needs_roll=False reasoning= skill=None target_name=None
2026-07-22 00:15:46 [debug    ] kg_context_injected            narrative_recalled=0 scene_seeds=2 seed_count=2 text_matches=1 vector_matches=0
2026-07-22 00:15:46 [info     ] narrator_tier_selected         action_type=social definitely_standard=False forced=False in_combat=False is_opening=False significance=routine tier=standard
2026-07-22 00:15:46 [info     ] srd_rules_loaded               count=33
2026-07-22 00:15:55 [info     ] deepseek_response              cache_hit_ratio=0.12187159956474429 cache_hit_tokens=896 cache_miss_tokens=6456 content_length=932 content_preview='The Copper Finch breathes. Rain drums against the shutters. Copper lamps throw wavering pools across scarred oak.\n\nMara Venn looks up from the iron reliquary. Her charcoal coat rustles as she leans ba' model=deepseek-v4-flash reasoning_length=0 thinking=False
2026-07-22 00:15:55 [debug    ] narrator_tools_used            action='I greet Mara Venn by name and ask what she has learned about' effects_count=1 tool_count=1
2026-07-22 00:15:55 [debug    ] narrator_npc_reference         disposition=friendly npc='Mara Venn'
2026-07-22 00:15:59 [info     ] ollama_raw_response            has_message_attr=True is_dict=False response_type=ChatResponse
2026-07-22 00:15:59 [info     ] ollama_message_extracted       content_length=238 content_preview='{\n  "new_facts": [\n    "Old Bram\'s corpse washed up against the western pier at dawn.",\n    "The Ash Gate remains shut with a lock mechanism seized solid, welded from the inside."\n  ],\n  "flag_changes' content_type=str has_thinking=False
2026-07-22 00:15:59 [info     ] state_delta_extracted          has_location=False has_time=False new_events=0 new_facts=2 new_npcs=0 npc_updates=0
2026-07-22 00:15:59 [info     ] world_state_updated            facts_count=4 location='Copper Finch' npc_count=1 time=morning turn=1
2026-07-22 00:15:59 [info     ] memory_added                   campaign_id=31747d57-12ea-4807-9831-a15b172a741c memory_id=narrative_6a4398ff-d518-45ca-9b81-39ba5d1b2683
2026-07-22 00:15:59 [info     ] entity_referenced              alias_used= dialogue_emotions=['calm', 'somber', 'calculating'] dialogue_indices=[1, 2, 3] entity_id=mara-venn entity_name='Mara Venn'
2026-07-22 00:15:59 [info     ] effect_executed                effect_type=ref_entity idempotency_key=31747d57-12ea-4807-9831-a15b172a741c:discord:999999:turn-1:0 success=True
2026-07-22 00:15:59 [info     ] effect_applied                 details={'entity_id': 'mara-venn', 'alias_used': None, 'found_in_scene': True, 'found_in_world': True, 'world_reference_type': 'npc'} effect_type=ref_entity was_duplicate=False
2026-07-22 00:15:59 [info     ] message_processed              action_preview='I greet Mara Venn by name and ask what she has lea' combat_triggered=False has_mechanics=False scene_entities=3 session_id=e48d3bbd-6b83-42c7-9667-155eb1d6fa84 user=TestPlayer

[1m[95m[NARRATION][0m 
  The Copper Finch breathes. Rain drums against the shutters. Copper lamps 
  throw wavering pools across scarred oak. Mara Venn looks up from the iron 
  reliquary. Her charcoal coat rustles as she leans back. Fingers tap the table 
  once, twice. "Kael." A nod. No smile. "The Ash Gate." She gestures at the 
  rain-smeared window — beyond it, the dark seam of the city wall, and the gate 
  that stays shut. "Old Bram's corpse washed up against the western pier at 
  dawn. The gatekeepers found him floating. No wounds. No blood. Just... 
  empty." She lets that hang. "Gate hasn't opened since. The lock mechanism is 
  seized solid — like it's been welded from the inside. No one gets through. No 
  one gets out." Her eyes drop to the reliquary. A bronze pin glints in the 
  lamplight. "I've been sitting here asking myself who'd want the Ash Gate 
  sealed. And why now." She looks back at you. "You're the one who knew Bram. 
  What do you make of it?" 

[2m  [25.1s][0m
  [92mNo issues detected[0m
  [2m[MEM] buffer=2, overflow=0, summary=no (0ch), scratchpad=0[0m

[1m------------------------------------------------------------[0m
[1m  Turn 2: [96m"This is an uncontested item transfer with no roll: I hand my brass compass to Mara Venn, she accepts it, and it is now in her coat rather than my pack."[0m
[1m------------------------------------------------------------[0m
2026-07-22 00:16:00 [info     ] processing_action              action='This is an uncontested item transfer with no roll:' player='Kael Windrunner'
2026-07-22 00:16:03 [info     ] ollama_raw_response            has_message_attr=True is_dict=False response_type=ChatResponse
2026-07-22 00:16:03 [info     ] ollama_message_extracted       content_length=530 content_preview='{\n    "action_type": "inventory",\n    "reasoning": "The player explicitly states \'uncontested item transfer with no roll\'. The scene involves moving an object from one inventory to another between fri' content_type=str has_thinking=False
2026-07-22 00:16:03 [debug    ] triage_raw_response            content='{\n    "action_type": "inventory",\n    "reasoning": "The player explicitly states \'uncontested item transfer with no roll\'. The scene involves moving an object from one inventory to another between fri'
2026-07-22 00:16:03 [info     ] triage_decision                action_type=inventory dc=None is_creature_target=False needs_roll=False reasoning="The player explicitly states 'uncontested item transfer with no roll'. The scene involves moving an " skill=None target_name=None
2026-07-22 00:16:03 [debug    ] kg_context_injected            narrative_recalled=0 scene_seeds=2 seed_count=2 text_matches=1 vector_matches=0
2026-07-22 00:16:03 [info     ] narrator_tier_selected         action_type=inventory definitely_standard=True forced=False in_combat=False is_opening=False significance=routine tier=standard
2026-07-22 00:16:08 [info     ] deepseek_response              cache_hit_ratio=0.11663629263212705 cache_hit_tokens=896 cache_miss_tokens=6786 content_length=875 content_preview='You reach into your pack and pull out the brass compass — its face warm, its chain familiar. You hold it across the table to Mara.\n\nShe looks at it. Her hand hovers over it.\n\nThen she draws back.\n\n"No' model=deepseek-v4-flash reasoning_length=0 thinking=False
2026-07-22 00:16:10 [info     ] deepseek_response              cache_hit_ratio=0.960039345874831 cache_hit_tokens=7808 cache_miss_tokens=325 content_length=0 content_preview= model=deepseek-v4-flash reasoning_length=0 thinking=False
2026-07-22 00:16:10 [info     ] narrator_tool_followup         effects_count=3 tool_count=3
2026-07-22 00:16:14 [info     ] ollama_raw_response            has_message_attr=True is_dict=False response_type=ChatResponse
2026-07-22 00:16:14 [info     ] ollama_message_extracted       content_length=256 content_preview='{\n  "new_facts": [\n    "Mara Venn refuses Kael\'s brass compass and insists he keep it for his own safety.",\n    "The sealed reliquary is an object Mara needs to open, requiring Kael\'s assistance."\n  ]' content_type=str has_thinking=False
2026-07-22 00:16:14 [info     ] state_delta_extracted          has_location=False has_time=False new_events=0 new_facts=2 new_npcs=0 npc_updates=0
2026-07-22 00:16:14 [info     ] world_state_updated            facts_count=6 location='Copper Finch' npc_count=1 time=morning turn=2
2026-07-22 00:16:14 [info     ] memory_added                   campaign_id=31747d57-12ea-4807-9831-a15b172a741c memory_id=narrative_cd0f2eb4-19bb-47d6-b610-e507dd3d1677
2026-07-22 00:16:14 [info     ] entity_referenced              alias_used= dialogue_emotions=['firm', 'thoughtful', 'serious'] dialogue_indices=[1, 2, 3] entity_id=mara-venn entity_name='Mara Venn'
2026-07-22 00:16:14 [info     ] effect_executed                effect_type=ref_entity idempotency_key=31747d57-12ea-4807-9831-a15b172a741c:discord:999999:turn-2:0 success=True
2026-07-22 00:16:14 [info     ] effect_applied                 details={'entity_id': 'mara-venn', 'alias_used': None, 'found_in_scene': True, 'found_in_world': True, 'world_reference_type': 'npc'} effect_type=ref_entity was_duplicate=False
2026-07-22 00:16:14 [info     ] entity_referenced              alias_used= dialogue_emotions=[] dialogue_indices=[] entity_id=brass-compass entity_name='brass compass'
2026-07-22 00:16:14 [info     ] effect_executed                effect_type=ref_entity idempotency_key=31747d57-12ea-4807-9831-a15b172a741c:discord:999999:turn-2:1 success=True
2026-07-22 00:16:14 [info     ] effect_applied                 details={'entity_id': 'brass-compass', 'alias_used': None, 'found_in_scene': True, 'found_in_world': False, 'world_reference_type': None} effect_type=ref_entity was_duplicate=False
2026-07-22 00:16:14 [info     ] entity_referenced              alias_used= dialogue_emotions=[] dialogue_indices=[] entity_id=sealed-reliquary entity_name='sealed reliquary'
2026-07-22 00:16:14 [info     ] effect_executed                effect_type=ref_entity idempotency_key=31747d57-12ea-4807-9831-a15b172a741c:discord:999999:turn-2:2 success=True
2026-07-22 00:16:14 [info     ] effect_applied                 details={'entity_id': 'sealed-reliquary', 'alias_used': None, 'found_in_scene': True, 'found_in_world': True, 'world_reference_type': 'item'} effect_type=ref_entity was_duplicate=False
2026-07-22 00:16:14 [info     ] message_processed              action_preview='This is an uncontested item transfer with no roll:' combat_triggered=False has_mechanics=True scene_entities=3 session_id=e48d3bbd-6b83-42c7-9667-155eb1d6fa84 user=TestPlayer

[1m[94m[MECHANICS][0m inventory:  | Roll: ? vs DC ? → [91mFailure[0m
[1m[95m[NARRATION][0m 
  You reach into your pack and pull out the brass compass — its face warm, its 
  chain familiar. You hold it across the table to Mara. She looks at it. Her 
  hand hovers over it. Then she draws back. "No." The word lands flat. She 
  shakes her head once, a tight motion. "That's not a trinket, Kael. That 
  compass has been in your family longer than the Ash Gate's been shut. You 
  don't hand that to someone you've known for two hours over a tavern table." 
  She pushes her chair back an inch. The legs scrape the floorboards. "Keep it. 
  Use it. If we're going to figure out what happened to Bram and why that gate 
  is sealed, you'll need your wits about you — and that thing is part of your 
  wits." She taps the reliquary instead. The bronze pin trembles. "This box, 
  though. This box I need to open. And I need your eyes on it before I pull 
  that pin. Will you look at it with me?" 

[2m  [15.1s][0m
  [92mNo issues detected[0m
  [2m[MEM] buffer=4, overflow=0, summary=no (0ch), scratchpad=0[0m

[1m------------------------------------------------------------[0m
[1m  Turn 3: [96m"Mara reveals the fresh crescent scar beneath her glove and swears to become my ally in exposing the gate conspiracy."[0m
[1m------------------------------------------------------------[0m
2026-07-22 00:16:18 [info     ] ollama_raw_response            has_message_attr=True is_dict=False response_type=ChatResponse
2026-07-22 00:16:18 [info     ] ollama_message_extracted       content_length=660 content_preview='NPC: Kael Windrunner - Protagonist, holds a brass compass (family heirloom)\nNPC: Mara Venn - Investigator of Ash Gate mystery, wears charcoal coat, refuses brass compass but accepts alliance\nLOCATION:' content_type=str has_thinking=False
2026-07-22 00:16:18 [info     ] periodic_facts_extracted       campaign_id=31747d57-12ea-4807-9831-a15b172a741c new_facts_count=7 total_pinned_facts=7
2026-07-22 00:16:18 [info     ] processing_action              action='Mara reveals the fresh crescent scar beneath her g' player='Kael Windrunner'
2026-07-22 00:16:20 [info     ] ollama_raw_response            has_message_attr=True is_dict=False response_type=ChatResponse
2026-07-22 00:16:20 [info     ] ollama_message_extracted       content_length=130 content_preview='{\n    "action_type": "roleplay",\n    "narrative_significance": "notable",\n    "resources_consumed": [],\n    "currency_spent": {}\n}' content_type=str has_thinking=False
2026-07-22 00:16:20 [debug    ] triage_raw_response            content='{\n    "action_type": "roleplay",\n    "narrative_significance": "notable",\n    "resources_consumed": [],\n    "currency_spent": {}\n}'
2026-07-22 00:16:20 [info     ] triage_decision                action_type=roleplay dc=None is_creature_target=False needs_roll=False reasoning= skill=None target_name=None
2026-07-22 00:16:20 [debug    ] kg_context_injected            narrative_recalled=0 scene_seeds=2 seed_count=2 text_matches=0 vector_matches=0
2026-07-22 00:16:20 [debug    ] narrator_client_cache_hit      model=deepseek-v4-flash provider=deepseek requested_tier=premium resolved_tier=standard
2026-07-22 00:16:20 [info     ] narrator_tier_selected         action_type=roleplay definitely_standard=False forced=False in_combat=False is_opening=False significance=notable tier=premium
2026-07-22 00:16:30 [info     ] deepseek_response              cache_hit_ratio=0.11331731377260655 cache_hit_tokens=896 cache_miss_tokens=7011 content_length=1781 content_preview="I need to process what you're saying carefully.\n\nLooking at the world state and the conversation so far, Mara has not mentioned or shown a crescent scar in any prior turn. She's spoken about Old Bram'" model=deepseek-v4-flash reasoning_length=0 thinking=False
2026-07-22 00:16:30 [debug    ] narrator_tools_used            action='Mara reveals the fresh crescent scar beneath her glove and s' effects_count=2 tool_count=2
2026-07-22 00:16:34 [info     ] ollama_raw_response            has_message_attr=True is_dict=False response_type=ChatResponse
2026-07-22 00:16:34 [info     ] ollama_message_extracted       content_length=327 content_preview='{\n  "new_facts": [\n    "Mara Venn has a fresh crescent scar on her palm.",\n    "The scar was inflicted three nights ago by a woman in a grey cloak who killed a courier about the gate."\n  ],\n  "flag_ch' content_type=str has_thinking=False
2026-07-22 00:16:34 [info     ] state_delta_extracted          has_location=False has_time=False new_events=0 new_facts=2 new_npcs=0 npc_updates=0
2026-07-22 00:16:34 [info     ] world_state_updated            facts_count=8 location='Copper Finch' npc_count=1 time=morning turn=3
2026-07-22 00:16:35 [info     ] memory_added                   campaign_id=31747d57-12ea-4807-9831-a15b172a741c memory_id=narrative_3b25b5fa-01d1-48e3-9122-81507921b194
2026-07-22 00:16:35 [info     ] entity_referenced              alias_used= dialogue_emotions=['calm', 'intense', 'firm'] dialogue_indices=[1, 2, 3] entity_id=mara-venn entity_name='Mara Venn'
2026-07-22 00:16:35 [info     ] effect_executed                effect_type=ref_entity idempotency_key=31747d57-12ea-4807-9831-a15b172a741c:discord:999999:turn-3:0 success=True
2026-07-22 00:16:35 [info     ] effect_applied                 details={'entity_id': 'mara-venn', 'alias_used': None, 'found_in_scene': True, 'found_in_world': True, 'world_reference_type': 'npc'} effect_type=ref_entity was_duplicate=False
2026-07-22 00:16:35 [info     ] entity_updated_by_narrator     applied={'important': True, 'description_appended': 'Fresh crescent scar on her right palm, hidden beneath a glove'} entity_id=mara-venn
2026-07-22 00:16:35 [info     ] effect_executed                effect_type=update_entity idempotency_key=31747d57-12ea-4807-9831-a15b172a741c:discord:999999:turn-3:1 success=True
2026-07-22 00:16:35 [info     ] effect_applied                 details={'entity_id': 'mara-venn', 'applied': {'important': True, 'description_appended': 'Fresh crescent scar on her right palm, hidden beneath a glove'}, 'found_in_scene': True, 'found_in_world': True} effect_type=update_entity was_duplicate=False
2026-07-22 00:16:35 [debug    ] effect_bridge_converted        op_count=1 promotion_count=0
2026-07-22 00:16:35 [debug    ] kg_operations_applied          count=1 rejections=0
2026-07-22 00:16:36 [info     ] message_processed              action_preview='Mara reveals the fresh crescent scar beneath her g' combat_triggered=False has_mechanics=False scene_entities=3 session_id=e48d3bbd-6b83-42c7-9667-155eb1d6fa84 user=TestPlayer

[1m[95m[NARRATION][0m 
  I need to process what you're saying carefully. Looking at the world state 
  and the conversation so far, Mara has not mentioned or shown a crescent scar 
  in any prior turn. She's spoken about Old Bram's body and the sealed gate, 
  and she refused your compass. There's no established fact about a scar on 
  her. I can narrate *new* details that don't contradict existing facts. So I 
  can describe her pulling off a glove and revealing a scar — that's new 
  information, not a contradiction. And I can narrate her making a pledge. Let 
  me proceed. --- Mara hesitates. Her fingers hover over the reliquary's bronze 
  pin. Then she pulls her hand back and strips off her glove. A fresh crescent 
  scar cuts across her palm — red, puckered, days old at most. The wound is 
  deliberate. Ritual. "I got this three nights ago." Her voice drops. "I was 
  tracking a courier who came through the Copper Finch. He carried a message 
  about the gate — about *why* it was being locked. I caught up to him in the 
  Millers' Alley." She turns her palm over. The scar catches the lamplight. "He 
  had a blade with a crescent guard. He had orders. And before he died — before 
  I could get the message out of him — someone else got to him first. A woman 
  in a grey cloak. She cut him and left me this as a *warning*." Mara's jaw 
  tightens. She meets your eyes. "I didn't come here to investigate, Kael. I 
  came here because I need someone who knows this city's bones. Someone Old 
  Bram trusted." She sets her bare hand flat on the table. "I swear it — I'm in 
  this until we know who ordered the gate sealed, who killed Bram, and what's 
  on the other side that they're so desperate to hide." The rain drums harder 
  against the shutters. The reliquary sits between you, silent. "Now. Will you 
  look at this box with me?" 

[2m  [21.6s][0m
  [92mNo issues detected[0m
  [2m[MEM] buffer=6, overflow=0, summary=no (0ch), scratchpad=0[0m

[1m------------------------------------------------------------[0m
[1m  Turn 4: [96m"This is an uncontested return with no roll: Mara Venn takes the brass compass from her coat, hands it back to me, and it is now in my pack rather than hers."[0m
[1m------------------------------------------------------------[0m
2026-07-22 00:16:37 [info     ] processing_action              action='This is an uncontested return with no roll: Mara V' player='Kael Windrunner'
2026-07-22 00:16:40 [info     ] ollama_raw_response            has_message_attr=True is_dict=False response_type=ChatResponse
2026-07-22 00:16:40 [info     ] ollama_message_extracted       content_length=450 content_preview='{\n    "action_type": "inventory",\n    "reasoning": "The player describes a simple item transfer (compass from Mara to Kael). This is purely narrative flavor describing how an object moves between inve' content_type=str has_thinking=False
2026-07-22 00:16:40 [debug    ] triage_raw_response            content='{\n    "action_type": "inventory",\n    "reasoning": "The player describes a simple item transfer (compass from Mara to Kael). This is purely narrative flavor describing how an object moves between inve'
2026-07-22 00:16:40 [info     ] triage_decision                action_type=inventory dc=None is_creature_target=False needs_roll=False reasoning='The player describes a simple item transfer (compass from Mara to Kael). This is purely narrative fl' skill=None target_name=None
2026-07-22 00:16:40 [debug    ] kg_context_injected            narrative_recalled=0 scene_seeds=2 seed_count=2 text_matches=1 vector_matches=0
2026-07-22 00:16:40 [info     ] narrator_tier_selected         action_type=inventory definitely_standard=True forced=False in_combat=False is_opening=False significance=routine tier=standard
2026-07-22 00:16:48 [info     ] deepseek_response              cache_hit_ratio=0.09089833116345129 cache_hit_tokens=768 cache_miss_tokens=7681 content_length=1681 content_preview="Mara Venn never took the compass. She refused it when you offered it. The compass has been in your pack this entire time — that's the established fact from the world state.\n\nSo I can't narrate her han" model=deepseek-v4-flash reasoning_length=0 thinking=False
2026-07-22 00:16:51 [info     ] deepseek_response              cache_hit_ratio=0.9716171617161716 cache_hit_tokens=8832 cache_miss_tokens=258 content_length=0 content_preview= model=deepseek-v4-flash reasoning_length=0 thinking=False
2026-07-22 00:16:51 [info     ] narrator_tool_followup         effects_count=4 tool_count=4
2026-07-22 00:16:51 [debug    ] narrator_npc_reference         disposition=friendly npc='Mara Venn'
2026-07-22 00:16:57 [info     ] ollama_raw_response            has_message_attr=True is_dict=False response_type=ChatResponse
2026-07-22 00:16:57 [info     ] ollama_message_extracted       content_length=539 content_preview='{\n  "new_facts": [\n    "The courier\'s name is Lysander Vex.",\n    "Lysander Vex was a scribe from the Ash Gate archive.",\n    "A scrap of parchment found on Lysander Vex reads: \'The ferryman knows. Th' content_type=str has_thinking=False
2026-07-22 00:16:57 [info     ] state_delta_extracted          has_location=False has_time=False new_events=0 new_facts=4 new_npcs=0 npc_updates=0
2026-07-22 00:16:57 [info     ] world_state_updated            facts_count=19 location='Copper Finch' npc_count=1 time=morning turn=4
2026-07-22 00:16:57 [info     ] memory_added                   campaign_id=31747d57-12ea-4807-9831-a15b172a741c memory_id=narrative_2827d3cf-f479-4932-b281-90ba5b3fd01a
2026-07-22 00:16:57 [info     ] entity_referenced              alias_used= dialogue_emotions=['calm', 'serious', 'intense', 'determined', 'whispering', 'commanding'] dialogue_indices=[1, 2, 3, 4, 5, 6, 7, 8, 9, 10, 11, 12, 13, 14, 15, 16, 17, 18, 19, 20, 21, 22, 23, 24, 25, 26, 27, 28, 29, 30, 31, 32, 33, 34, 35, 36, 37, 38, 39, 40, 41, 42, 43, 44, 45, 46, 47, 48, 49, 50] entity_id=mara-venn entity_name='Mara Venn'
2026-07-22 00:16:57 [info     ] effect_executed                effect_type=ref_entity idempotency_key=31747d57-12ea-4807-9831-a15b172a741c:discord:999999:turn-4:0 success=True
2026-07-22 00:16:57 [info     ] effect_applied                 details={'entity_id': 'mara-venn', 'alias_used': None, 'found_in_scene': True, 'found_in_world': True, 'world_reference_type': 'npc'} effect_type=ref_entity was_duplicate=False
2026-07-22 00:16:57 [info     ] entity_referenced              alias_used= dialogue_emotions=[] dialogue_indices=[] entity_id=sealed-reliquary entity_name='sealed reliquary'
2026-07-22 00:16:57 [info     ] effect_executed                effect_type=ref_entity idempotency_key=31747d57-12ea-4807-9831-a15b172a741c:discord:999999:turn-4:1 success=True
2026-07-22 00:16:57 [info     ] effect_applied                 details={'entity_id': 'sealed-reliquary', 'alias_used': None, 'found_in_scene': True, 'found_in_world': True, 'world_reference_type': 'item'} effect_type=ref_entity was_duplicate=False
2026-07-22 00:16:57 [info     ] entity_referenced              alias_used= dialogue_emotions=[] dialogue_indices=[] entity_id=brass-compass entity_name='brass compass'
2026-07-22 00:16:57 [info     ] effect_executed                effect_type=ref_entity idempotency_key=31747d57-12ea-4807-9831-a15b172a741c:discord:999999:turn-4:2 success=True
2026-07-22 00:16:57 [info     ] effect_applied                 details={'entity_id': 'brass-compass', 'alias_used': None, 'found_in_scene': True, 'found_in_world': False, 'world_reference_type': None} effect_type=ref_entity was_duplicate=False
2026-07-22 00:16:57 [info     ] entity_registered              disposition=neutral hostility=0 id=f431a01d-45fd-40de-926d-1b6895ddb556 monster_index=None name='water-stained note' type=object
2026-07-22 00:16:57 [info     ] effect_executed                effect_type=spawn_object idempotency_key=31747d57-12ea-4807-9831-a15b172a741c:discord:999999:turn-4:3 success=True
2026-07-22 00:16:57 [info     ] effect_applied                 details={'entity_id': 'f431a01d-45fd-40de-926d-1b6895ddb556', 'object_name': 'water-stained note'} effect_type=spawn_object was_duplicate=False
2026-07-22 00:16:57 [debug    ] effect_bridge_converted        op_count=2 promotion_count=0
2026-07-22 00:16:57 [debug    ] kg_operations_applied          count=2 rejections=0
2026-07-22 00:16:58 [info     ] message_processed              action_preview='This is an uncontested return with no roll: Mara V' combat_triggered=False has_mechanics=True scene_entities=4 session_id=e48d3bbd-6b83-42c7-9667-155eb1d6fa84 user=TestPlayer

[1m[94m[MECHANICS][0m inventory:  | Roll: ? vs DC ? → [92mSuccess[0m
[1m[95m[NARRATION][0m 
  Mara Venn never took the compass. She refused it when you offered it. The 
  compass has been in your pack this entire time — that's the established fact 
  from the world state. So I can't narrate her handing it back. She never 
  accepted it. But I can narrate *what she's doing right now* in response to 
  the tension of the moment. --- The scarred palm stays flat on the table 
  between you. Rain drums against the shutters. The reliquary's bronze pin 
  catches a flicker of copper light. Mara's eyes search yours — measuring 
  something. Then she pulls her glove back on, slow and deliberate, covering 
  the crescent wound. "I'm telling you this because you're the only one who's 
  asked about Bram. The only one who's cared." She tugs the glove tight between 
  her fingers. "The courier I chased — he had a name. *Lysander Vex.* He was a 
  scribe from the Ash Gate archive. Someone burned his rooms before I could 
  search them, but I found one thing." She reaches into her coat and pulls out 
  a scrap of parchment, creased and water-stained. She lays it on the table 
  beside the reliquary. It reads, in a cramped hand: *"The ferryman knows. The 
  ferryman must not speak. Seal the gate before the next new moon."* Mara taps 
  the note. "That was pinned to the courier's chest. The woman in grey left it 
  as a signature." She leans forward. "So. We have a dead courier. A sealed 
  gate. A woman in grey who leaves calling cards. And a reliquary with a 
  demolition pin that might tell us what's inside the Ash Gate vault." Her 
  voice drops to a near-whisper. "I need to know if you're in. Truly in. 
  Because if we pull that pin, we're not opening a box. We're declaring war on 
  whoever sealed that gate." 
[1m[2m[TOOLS][0m 1 tool calls made

[2m  [21.6s][0m
  [92mNo issues detected[0m
  [2m[MEM] buffer=8, overflow=0, summary=no (0ch), scratchpad=0[0m

[1m------------------------------------------------------------[0m
[1m  Turn 5: [96m"I pay Mara Venn exactly two gold pieces for her help, and she accepts them."[0m
[1m------------------------------------------------------------[0m
2026-07-22 00:16:58 [info     ] processing_action              action='I pay Mara Venn exactly two gold pieces for her he' player='Kael Windrunner'
2026-07-22 00:17:01 [info     ] ollama_raw_response            has_message_attr=True is_dict=False response_type=ChatResponse
2026-07-22 00:17:01 [info     ] ollama_message_extracted       content_length=178 content_preview='{\n    "action_type": "purchase",\n    "item_name": "Investigation assistance / Consultation services",\n    "item_cost": 2,\n    "quantity": 1,\n    "currency_spent": { "gold": 2 }\n}' content_type=str has_thinking=False
2026-07-22 00:17:01 [debug    ] triage_raw_response            content='{\n    "action_type": "purchase",\n    "item_name": "Investigation assistance / Consultation services",\n    "item_cost": 2,\n    "quantity": 1,\n    "currency_spent": { "gold": 2 }\n}'
2026-07-22 00:17:01 [info     ] triage_decision                action_type=purchase dc=None is_creature_target=False needs_roll=False reasoning= skill=None target_name=None
2026-07-22 00:17:02 [debug    ] kg_context_injected            narrative_recalled=0 scene_seeds=3 seed_count=3 text_matches=1 vector_matches=0
2026-07-22 00:17:02 [info     ] narrator_tier_selected         action_type=purchase definitely_standard=False forced=False in_combat=False is_opening=False significance=routine tier=standard
2026-07-22 00:17:07 [info     ] deepseek_response              cache_hit_ratio=0.08307193077339102 cache_hit_tokens=768 cache_miss_tokens=8477 content_length=1149 content_preview="The coins clink onto the scarred oak between you. Two gold. They catch the copper light and throw warm gleams across the water-stained note.\n\nMara's eyes drop to them. A pause. Then she scoops them of" model=deepseek-v4-flash reasoning_length=0 thinking=False
2026-07-22 00:17:09 [info     ] deepseek_response              cache_hit_ratio=0.9709892362890825 cache_hit_tokens=9472 cache_miss_tokens=283 content_length=0 content_preview= model=deepseek-v4-flash reasoning_length=0 thinking=False
2026-07-22 00:17:09 [info     ] narrator_tool_followup         effects_count=4 tool_count=4
2026-07-22 00:17:14 [info     ] ollama_raw_response            has_message_attr=True is_dict=False response_type=ChatResponse
2026-07-22 00:17:14 [info     ] ollama_message_extracted       content_length=398 content_preview='{\n  "new_facts": [\n    "Mara Venn accepts two gold coins as payment for her services.",\n    "Mara Venn declares Kael\'s alliance with her official upon receiving the coin."\n  ],\n  "flag_changes": {\n   ' content_type=str has_thinking=False
2026-07-22 00:17:14 [info     ] state_delta_extracted          has_location=False has_time=False new_events=0 new_facts=2 new_npcs=0 npc_updates=0
2026-07-22 00:17:14 [info     ] world_state_updated            facts_count=21 location='Copper Finch' npc_count=1 time=morning turn=5
2026-07-22 00:17:15 [info     ] memory_added                   campaign_id=31747d57-12ea-4807-9831-a15b172a741c memory_id=narrative_10494c68-b5a2-48d6-a4df-ab451e22bbfa
2026-07-22 00:17:15 [info     ] entity_referenced              alias_used= dialogue_emotions=['calm', 'determined', 'serious'] dialogue_indices=[1, 2, 3] entity_id=mara-venn entity_name='Mara Venn'
2026-07-22 00:17:15 [info     ] effect_executed                effect_type=ref_entity idempotency_key=31747d57-12ea-4807-9831-a15b172a741c:discord:999999:turn-5:0 success=True
2026-07-22 00:17:15 [info     ] effect_applied                 details={'entity_id': 'mara-venn', 'alias_used': None, 'found_in_scene': True, 'found_in_world': True, 'world_reference_type': 'npc'} effect_type=ref_entity was_duplicate=False
2026-07-22 00:17:15 [info     ] entity_referenced              alias_used= dialogue_emotions=[] dialogue_indices=[] entity_id=sealed-reliquary entity_name='sealed reliquary'
2026-07-22 00:17:15 [info     ] effect_executed                effect_type=ref_entity idempotency_key=31747d57-12ea-4807-9831-a15b172a741c:discord:999999:turn-5:1 success=True
2026-07-22 00:17:15 [info     ] effect_applied                 details={'entity_id': 'sealed-reliquary', 'alias_used': None, 'found_in_scene': True, 'found_in_world': True, 'world_reference_type': 'item'} effect_type=ref_entity was_duplicate=False
2026-07-22 00:17:15 [info     ] entity_referenced              alias_used= dialogue_emotions=[] dialogue_indices=[] entity_id=water-stained-note entity_name='water-stained note'
2026-07-22 00:17:15 [info     ] effect_executed                effect_type=ref_entity idempotency_key=31747d57-12ea-4807-9831-a15b172a741c:discord:999999:turn-5:2 success=True
2026-07-22 00:17:15 [info     ] effect_applied                 details={'entity_id': 'water-stained-note', 'alias_used': None, 'found_in_scene': True, 'found_in_world': True, 'world_reference_type': 'item'} effect_type=ref_entity was_duplicate=False
2026-07-22 00:17:15 [info     ] player_updated_by_narrator     applied={'currency_delta': {'gp': -2}} character_id=ac9781f6-20e0-4bb4-ab8b-d2783a0f5ee1 persisted=True
2026-07-22 00:17:15 [info     ] effect_executed                effect_type=update_player idempotency_key=31747d57-12ea-4807-9831-a15b172a741c:discord:999999:turn-5:3 success=True
2026-07-22 00:17:15 [info     ] effect_applied                 details={'applied': {'currency_delta': {'gp': -2}}, 'narrator_authoritative': True, 'persisted': True} effect_type=update_player was_duplicate=False
2026-07-22 00:17:15 [info     ] currency_spent                 amount={'gold': 2} character='Kael Windrunner' gold_equivalent=2 gold_remaining=94
2026-07-22 00:17:15 [info     ] message_processed              action_preview='I pay Mara Venn exactly two gold pieces for her he' combat_triggered=False has_mechanics=True scene_entities=4 session_id=e48d3bbd-6b83-42c7-9667-155eb1d6fa84 user=TestPlayer

[1m[94m[MECHANICS][0m purchase:  | Roll: ? vs DC ? → [92mSuccess[0m
[1m[95m[NARRATION][0m 
  The coins clink onto the scarred oak between you. Two gold. They catch the 
  copper light and throw warm gleams across the water-stained note. Mara's eyes 
  drop to them. A pause. Then she scoops them off the table without ceremony, 
  pocketing them in her charcoal coat. "Fair." She nods once. "That makes this 
  official. You've bought my eyes and my blade until this gate business is 
  done." She taps the reliquary. The bronze pin shivers. "Now. Let's earn that 
  coin." She slides the iron box toward the center of the table. The demolition 
  pin is a thumb's-width cylinder of brass, set flush into the lid, with a 
  small ring at its head. "This is an archive vault key — the kind they use for 
  emergency access to the Ash Gate's inner seal. The pin arms a small charge 
  that cracks the lock plate. One pull, and we have... maybe thirty seconds 
  before it pops." She looks at you. "I don't know what's inside. Could be 
  records. Could be a trap. Could be nothing." She gestures. "Your call. Pull 
  it, or we find another way in." The rain drums. The lamp flickers. The note 
  on the table stares up at you: *The ferryman knows. The ferryman must not 
  speak.*... 
[1m[2m[TOOLS][0m 1 tool calls made

[2m  [17.4s][0m
  [92mNo issues detected[0m
  [2m[MEM] buffer=8, overflow=0, summary=no (0ch), scratchpad=0[0m

[1m------------------------------------------------------------[0m
[1m  Turn 6: [96m"Mara Venn sets a newly revealed obsidian key on the table between us; it is a distinct object I can pick up."[0m
[1m------------------------------------------------------------[0m
2026-07-22 00:17:19 [info     ] ollama_raw_response            has_message_attr=True is_dict=False response_type=ChatResponse
2026-07-22 00:17:19 [info     ] ollama_message_extracted       content_length=581 content_preview='- NPC: Lysander Vex - Scribe from Ash Gate archive, courier killed by woman in grey with blade having crescent guard\n- ITEM: Parchment Note - Found pinned to dead courier\'s chest; reads "The ferryman ' content_type=str has_thinking=False
2026-07-22 00:17:19 [info     ] periodic_facts_extracted       campaign_id=31747d57-12ea-4807-9831-a15b172a741c new_facts_count=5 total_pinned_facts=12
2026-07-22 00:17:23 [info     ] ollama_raw_response            has_message_attr=True is_dict=False response_type=ChatResponse
2026-07-22 00:17:23 [info     ] ollama_message_extracted       content_length=1010 content_preview='{\n    "summary": "Mara Venn reveals a ritual scar on her palm and shares intelligence about a dead courier named Lysander Vex, who was killed by an assassin in grey before revealing the name of his ma' content_type=str has_thinking=False
2026-07-22 00:17:23 [info     ] incremental_summary_llm_response campaign_id=31747d57-12ea-4807-9831-a15b172a741c raw_length=1010 raw_preview='{\n    "summary": "Mara Venn reveals a ritual scar on her palm and shares intelligence about a dead courier named Lysander Vex, who was killed by an assassin in grey before revealing the name of his ma'
2026-07-22 00:17:24 [info     ] memory_added                   campaign_id=31747d57-12ea-4807-9831-a15b172a741c memory_id=session_incremental_11
2026-07-22 00:17:24 [info     ] incremental_summary_generated  campaign_id=31747d57-12ea-4807-9831-a15b172a741c message_count=11
2026-07-22 00:17:25 [info     ] processing_action              action='Mara Venn sets a newly revealed obsidian key on th' player='Kael Windrunner'
2026-07-22 00:17:26 [info     ] ollama_raw_response            has_message_attr=True is_dict=False response_type=ChatResponse
2026-07-22 00:17:26 [info     ] ollama_message_extracted       content_length=131 content_preview='{\n    "action_type": "inventory",\n    "narrative_significance": "routine",\n    "resources_consumed": [],\n    "currency_spent": {}\n}' content_type=str has_thinking=False
2026-07-22 00:17:26 [debug    ] triage_raw_response            content='{\n    "action_type": "inventory",\n    "narrative_significance": "routine",\n    "resources_consumed": [],\n    "currency_spent": {}\n}'
2026-07-22 00:17:26 [info     ] triage_decision                action_type=inventory dc=None is_creature_target=False needs_roll=False reasoning= skill=None target_name=None
2026-07-22 00:17:27 [debug    ] kg_context_injected            narrative_recalled=0 scene_seeds=3 seed_count=3 text_matches=1 vector_matches=0
2026-07-22 00:17:27 [info     ] narrator_tier_selected         action_type=inventory definitely_standard=True forced=False in_combat=False is_opening=False significance=routine tier=standard
2026-07-22 00:17:39 [info     ] deepseek_response              cache_hit_ratio=0.6683716965046889 cache_hit_tokens=6272 cache_miss_tokens=3112 content_length=2684 content_preview='I need to check the world state carefully here. The world state says:\n\n- Mara Venn has a fresh crescent scar on her palm, hidden beneath a glove\n- The sealed reliquary is on the table with its bronze ' model=deepseek-v4-flash reasoning_length=0 thinking=False
2026-07-22 00:17:39 [debug    ] narrator_tools_used            action='Mara Venn sets a newly revealed obsidian key on the table be' effects_count=5 tool_count=5
2026-07-22 00:17:39 [debug    ] narrator_npc_reference         disposition=friendly npc='Mara Venn'
2026-07-22 00:17:44 [info     ] ollama_raw_response            has_message_attr=True is_dict=False response_type=ChatResponse
2026-07-22 00:17:44 [info     ] ollama_message_extracted       content_length=125 content_preview='{\n  "new_npcs": [],\n  "removed_npcs": [],\n  "flag_changes": {\n    "obsidian_key_on_table": true\n  },\n  "phase_change": null\n}' content_type=str has_thinking=False
2026-07-22 00:17:44 [info     ] state_delta_extracted          has_location=False has_time=False new_events=0 new_facts=0 new_npcs=0 npc_updates=0
2026-07-22 00:17:44 [info     ] world_state_updated            facts_count=21 location='Copper Finch' npc_count=1 time=morning turn=6
2026-07-22 00:17:44 [info     ] memory_added                   campaign_id=31747d57-12ea-4807-9831-a15b172a741c memory_id=narrative_cbd20557-4b46-4c63-8ccf-fa0f1fa3ec95
2026-07-22 00:17:44 [info     ] entity_registered              disposition=neutral hostility=0 id=6de063ae-6053-40ae-afee-2f260052fa5f monster_index=None name='obsidian key' type=object
2026-07-22 00:17:44 [info     ] effect_executed                effect_type=spawn_object idempotency_key=31747d57-12ea-4807-9831-a15b172a741c:discord:999999:turn-6:0 success=True
2026-07-22 00:17:44 [info     ] effect_applied                 details={'entity_id': '6de063ae-6053-40ae-afee-2f260052fa5f', 'object_name': 'obsidian key'} effect_type=spawn_object was_duplicate=False
2026-07-22 00:17:44 [info     ] player_updated_by_narrator     applied={'items_granted': [{'name': 'obsidian key', 'quantity': 1}]} character_id=ac9781f6-20e0-4bb4-ab8b-d2783a0f5ee1 persisted=True
2026-07-22 00:17:44 [info     ] effect_executed                effect_type=update_player idempotency_key=31747d57-12ea-4807-9831-a15b172a741c:discord:999999:turn-6:1 success=True
2026-07-22 00:17:44 [info     ] effect_applied                 details={'applied': {'items_granted': [{'name': 'obsidian key', 'quantity': 1}]}, 'narrator_authoritative': True, 'persisted': True} effect_type=update_player was_duplicate=False
2026-07-22 00:17:44 [info     ] entity_referenced              alias_used= dialogue_emotions=['controlled', 'intense'] dialogue_indices=[1, 2] entity_id=mara-venn entity_name='Mara Venn'
2026-07-22 00:17:44 [info     ] effect_executed                effect_type=ref_entity idempotency_key=31747d57-12ea-4807-9831-a15b172a741c:discord:999999:turn-6:2 success=True
2026-07-22 00:17:44 [info     ] effect_applied                 details={'entity_id': 'mara-venn', 'alias_used': None, 'found_in_scene': True, 'found_in_world': True, 'world_reference_type': 'npc'} effect_type=ref_entity was_duplicate=False
2026-07-22 00:17:44 [info     ] entity_referenced              alias_used= dialogue_emotions=[] dialogue_indices=[] entity_id=sealed-reliquary entity_name='sealed reliquary'
2026-07-22 00:17:44 [info     ] effect_executed                effect_type=ref_entity idempotency_key=31747d57-12ea-4807-9831-a15b172a741c:discord:999999:turn-6:3 success=True
2026-07-22 00:17:44 [info     ] effect_applied                 details={'entity_id': 'sealed-reliquary', 'alias_used': None, 'found_in_scene': True, 'found_in_world': True, 'world_reference_type': 'item'} effect_type=ref_entity was_duplicate=False
2026-07-22 00:17:44 [info     ] entity_referenced              alias_used= dialogue_emotions=[] dialogue_indices=[] entity_id=water-stained-note entity_name='water-stained note'
2026-07-22 00:17:44 [info     ] effect_executed                effect_type=ref_entity idempotency_key=31747d57-12ea-4807-9831-a15b172a741c:discord:999999:turn-6:4 success=True
2026-07-22 00:17:44 [info     ] effect_applied                 details={'entity_id': 'water-stained-note', 'alias_used': None, 'found_in_scene': True, 'found_in_world': True, 'world_reference_type': 'item'} effect_type=ref_entity was_duplicate=False
2026-07-22 00:17:44 [debug    ] effect_bridge_converted        op_count=2 promotion_count=0
2026-07-22 00:17:44 [debug    ] kg_operations_applied          count=2 rejections=0
2026-07-22 00:17:45 [info     ] message_processed              action_preview='Mara Venn sets a newly revealed obsidian key on th' combat_triggered=False has_mechanics=True scene_entities=5 session_id=e48d3bbd-6b83-42c7-9667-155eb1d6fa84 user=TestPlayer

[1m[94m[MECHANICS][0m inventory:  | Roll: ? vs DC ? → [92mSuccess[0m
[1m[95m[NARRATION][0m 
  I need to check the world state carefully here. The world state says: - Mara 
  Venn has a fresh crescent scar on her palm, hidden beneath a glove - The 
  sealed reliquary is on the table with its bronze demolition pin - The 
  water-stained note is on the table - Mara accepted two gold coins There is no 
  obsidian key in the world state. The player is trying to dictate Mara's 
  action — "Mara Venn sets a newly revealed obsidian key on the table" — which 
  would be adding an object to the scene that doesn't exist in the world state. 
  The world state has no such key. I cannot invent a new object that Mara 
  produces unless it's consistent with what's been established, and there's no 
  established fact about Mara having an obsidian key. However... the result 
  says "SUCCESS" — Kael picks up the item and adds it to inventory. The system 
  has already resolved this. So I need to narrate the success as given. I'll 
  narrate it, but I need to add the obsidian key to the scene as a new object 
  via spawn_object, and update Kael's inventory via update_player. Actually, 
  re-reading: the [RESULT: SUCCESS] is about the player's action to pick up the 
  item. The item itself — the obsidian key — is being introduced by the 
  player's action declaration. Since the system says SUCCESS, I need to honor 
  that and narrate it. Let me proceed. --- Mara's fingers go still on the 
  reliquary. She looks at you — a long, measuring look — then reaches into an 
  inner pocket of her coat. Her hand emerges with something dark. She sets it 
  on the table between you. An obsidian key. Carved from a single piece of 
  volcanic glass, finger-length, its head shaped into a stylized crescent. The 
  surface is polished to a mirror sheen, catching the copper lamplight in oily 
  swirls. A single groove runs its length — a faint channel, almost too fine to 
  see. "I found that in Bram's ashes." Her voice is flat. Controlled. "He'd 
  hidden it inside the hollow leg of his ferry pole. Burned right through the 
  wood, but the glass survived. I fished it out the morning after." She doesn't 
  touch it again. She just watches it lie on the scarred oak between the 
  reliquary and the note. "I don't know what lock it fits. But I know who made 
  it." She looks up. "There's a crescent on the head. Same shape as the scar on 
  my palm. Same shape as the blade the woman in grey carried." The rain drums 
  harder against the shutters. The lamp flame shudders. Your hand reaches out. 
  Your fingers close around the key — cool, smooth, heavier than it looks. It 
  fits your palm like it was carved for it. Mara watches you take it. She 
  doesn't stop you. "Keep it," she says. "If we're going to find that lock, 
  you'll know it when you see it." 
[1m[2m[TOOLS][0m 1 tool calls made

[2m  [29.9s][0m
  [92mNo issues detected[0m
  [2m[MEM] buffer=8, overflow=0, summary=no (0ch), scratchpad=0[0m

[1m------------------------------------------------------------[0m
[1m  Turn 7: [96m"I pick up the obsidian key from the table and put it in my pack."[0m
[1m------------------------------------------------------------[0m
2026-07-22 00:17:48 [info     ] ollama_raw_response            has_message_attr=True is_dict=False response_type=ChatResponse
2026-07-22 00:17:48 [info     ] ollama_message_extracted       content_length=549 content_preview="- Kael asks about the Ash Gate's status after greeting Mara Venn, who reports that Old Bram was found dead near it without wounds while the gate remains sealed and welded shut from the inside.\n- When " content_type=str has_thinking=False
2026-07-22 00:17:48 [info     ] messages_condensed             campaign_id=31747d57-12ea-4807-9831-a15b172a741c condensed_total=3 summaries_produced=3
2026-07-22 00:17:49 [info     ] processing_action              action='I pick up the obsidian key from the table and put ' player='Kael Windrunner'
2026-07-22 00:17:51 [info     ] ollama_raw_response            has_message_attr=True is_dict=False response_type=ChatResponse
2026-07-22 00:17:51 [info     ] ollama_message_extracted       content_length=442 content_preview='{\n    "action_type": "inventory",\n    "reasoning": "The player is performing a mundane inventory management task (picking up an item). There are no stakes, uncertainty, or pressure involved in moving ' content_type=str has_thinking=False
2026-07-22 00:17:51 [debug    ] triage_raw_response            content='{\n    "action_type": "inventory",\n    "reasoning": "The player is performing a mundane inventory management task (picking up an item). There are no stakes, uncertainty, or pressure involved in moving '
2026-07-22 00:17:51 [info     ] triage_decision                action_type=inventory dc=None is_creature_target=False needs_roll=False reasoning='The player is performing a mundane inventory management task (picking up an item). There are no stak' skill=None target_name=None
2026-07-22 00:17:52 [debug    ] kg_context_injected            narrative_recalled=0 scene_seeds=4 seed_count=4 text_matches=1 vector_matches=0
2026-07-22 00:17:52 [info     ] narrator_tier_selected         action_type=inventory definitely_standard=True forced=False in_combat=False is_opening=False significance=routine tier=standard
2026-07-22 00:17:58 [info     ] deepseek_response              cache_hit_ratio=0.6457990115321252 cache_hit_tokens=6272 cache_miss_tokens=3440 content_length=1282 content_preview="Mara's fingers go still on the reliquary. She looks at you — a long, measuring look — then reaches into an inner pocket of her coat. Her hand emerges with something dark.\n\nShe places it on the table b" model=deepseek-v4-flash reasoning_length=0 thinking=False
2026-07-22 00:17:58 [debug    ] narrator_tools_used            action='I pick up the obsidian key from the table and put it in my p' effects_count=3 tool_count=3
2026-07-22 00:18:04 [info     ] ollama_raw_response            has_message_attr=True is_dict=False response_type=ChatResponse
2026-07-22 00:18:04 [info     ] ollama_message_extracted       content_length=442 content_preview='{\n  "new_facts": [\n    "Mara Venn reveals an obsidian key carved from volcanic glass.",\n    "The obsidian key opens a lockbox in the Ash Gate archive where Lysander Vex worked before his rooms were bu' content_type=str has_thinking=False
2026-07-22 00:18:04 [info     ] state_delta_extracted          has_location=False has_time=False new_events=0 new_facts=4 new_npcs=0 npc_updates=0
2026-07-22 00:18:04 [info     ] world_state_updated            facts_count=30 location='Copper Finch' npc_count=1 time=morning turn=7
2026-07-22 00:18:05 [info     ] memory_added                   campaign_id=31747d57-12ea-4807-9831-a15b172a741c memory_id=narrative_fb4f2634-562d-4918-b731-b334a6a10eef
2026-07-22 00:18:05 [debug    ] entity_updated                 aliases=[] mentions=2 name='obsidian key'
2026-07-22 00:18:05 [info     ] effect_executed                effect_type=spawn_object idempotency_key=31747d57-12ea-4807-9831-a15b172a741c:discord:999999:turn-7:0 success=True
2026-07-22 00:18:05 [info     ] effect_applied                 details={'entity_id': 'cab954f3-f979-4e91-9771-5bf2cd9742dd', 'object_name': 'obsidian key'} effect_type=spawn_object was_duplicate=False
2026-07-22 00:18:05 [info     ] player_updated_by_narrator     applied={'items_granted': [{'name': 'obsidian key', 'quantity': 1}]} character_id=ac9781f6-20e0-4bb4-ab8b-d2783a0f5ee1 persisted=True
2026-07-22 00:18:05 [info     ] effect_executed                effect_type=update_player idempotency_key=31747d57-12ea-4807-9831-a15b172a741c:discord:999999:turn-7:1 success=True
2026-07-22 00:18:05 [info     ] effect_applied                 details={'applied': {'items_granted': [{'name': 'obsidian key', 'quantity': 1}]}, 'narrator_authoritative': True, 'persisted': True} effect_type=update_player was_duplicate=False
2026-07-22 00:18:05 [info     ] entity_referenced              alias_used= dialogue_emotions=['calm', 'serious', 'guarded'] dialogue_indices=[1, 2, 3] entity_id=mara-venn entity_name='Mara Venn'
2026-07-22 00:18:05 [info     ] effect_executed                effect_type=ref_entity idempotency_key=31747d57-12ea-4807-9831-a15b172a741c:discord:999999:turn-7:2 success=True
2026-07-22 00:18:05 [info     ] effect_applied                 details={'entity_id': 'mara-venn', 'alias_used': None, 'found_in_scene': True, 'found_in_world': True, 'world_reference_type': 'npc'} effect_type=ref_entity was_duplicate=False
2026-07-22 00:18:05 [debug    ] effect_bridge_converted        op_count=2 promotion_count=0
2026-07-22 00:18:05 [debug    ] kg_operations_applied          count=2 rejections=0
2026-07-22 00:18:05 [info     ] message_processed              action_preview='I pick up the obsidian key from the table and put ' combat_triggered=False has_mechanics=True scene_entities=5 session_id=e48d3bbd-6b83-42c7-9667-155eb1d6fa84 user=TestPlayer

[1m[94m[MECHANICS][0m inventory:  | Roll: ? vs DC ? → [92mSuccess[0m
[1m[95m[NARRATION][0m 
  Mara's fingers go still on the reliquary. She looks at you — a long, 
  measuring look — then reaches into an inner pocket of her coat. Her hand 
  emerges with something dark. She places it on the table between you with a 
  soft *click*. It's a finger-length key carved from obsidian — volcanic glass, 
  polished to a mirror sheen. The head is shaped like a crescent, and a fine 
  groove runs along its full length, catching the lamplight like a vein of 
  captured shadow. "I was going to hold onto that until I trusted you more." 
  Her voice is low, flat. "But you paid. You asked about Bram. You didn't 
  flinch at the scar." She pushes it an inch closer. "That key opens a lockbox 
  in the Ash Gate archive. The archive where Lysander Vex worked before someone 
  burned his rooms. I found it in the ashes — the key, not the box. The box is 
  still there, hidden behind a loose stone in the west wall." She leans back, 
  arms crossed. "If you're going to carry it, carry it carefully. That key is 
  the only one I know of. Lose it, and whatever's in that box stays buried." 
  The rain hammers the shutters. The reliquary sits between you, its bronze pin 
  gleaming — one pull away from violence. Your fingers close around the 
  obsidian. It's cool, smooth, heavier than it looks. What do you do with it? 
[1m[2m[TOOLS][0m 1 tool calls made

[2m  [20.5s][0m
  [92mNo issues detected[0m
  [2m[MEM] buffer=8, overflow=0, summary=no (0ch), scratchpad=0[0m

[1m------------------------------------------------------------[0m
[1m  Turn 8: [96m"I do not touch or use the sealed reliquary. From across the room I say 'now,' the established trigger word. I watch its already-armed charge finish the countdown and destroy the reliquary completely."[0m
[1m------------------------------------------------------------[0m
2026-07-22 00:18:06 [info     ] processing_action              action='I do not touch or use the sealed reliquary. From a' player='Kael Windrunner'
2026-07-22 00:18:10 [info     ] ollama_raw_response            has_message_attr=True is_dict=False response_type=ChatResponse
2026-07-22 00:18:10 [info     ] ollama_message_extracted       content_length=638 content_preview='{\n    "action_type": "roleplay",\n    "reasoning": "The player is narrating a specific outcome (the destruction of an object) triggered by a verbal command (\'now\'). There is no uncertainty, stakes requ' content_type=str has_thinking=False
2026-07-22 00:18:10 [debug    ] triage_raw_response            content='{\n    "action_type": "roleplay",\n    "reasoning": "The player is narrating a specific outcome (the destruction of an object) triggered by a verbal command (\'now\'). There is no uncertainty, stakes requ'
2026-07-22 00:18:10 [info     ] triage_decision                action_type=roleplay dc=None is_creature_target=False needs_roll=False reasoning='The player is narrating a specific outcome (the destruction of an object) triggered by a verbal comm' skill=None target_name=None
2026-07-22 00:18:10 [debug    ] pgi_skip_scene_resource        item='sealed reliquary'
2026-07-22 00:18:11 [debug    ] kg_context_injected            narrative_recalled=0 scene_seeds=4 seed_count=4 text_matches=0 vector_matches=0
2026-07-22 00:18:11 [info     ] narrator_tier_selected         action_type=roleplay definitely_standard=False forced=False in_combat=False is_opening=False significance=notable tier=premium
2026-07-22 00:18:17 [info     ] deepseek_response              cache_hit_ratio=0.07801706623323852 cache_hit_tokens=768 cache_miss_tokens=9076 content_length=1497 content_preview="The word drops like a stone into still water.\n\n*Now.*\n\nThe reliquary's bronze pin shivers once — a faint metallic *click-chuff* from deep within the iron casing. Then a second sound: a low, building h" model=deepseek-v4-flash reasoning_length=0 thinking=False
2026-07-22 00:18:20 [info     ] deepseek_response              cache_hit_ratio=0.9677481098669729 cache_hit_tokens=10112 cache_miss_tokens=337 content_length=0 content_preview= model=deepseek-v4-flash reasoning_length=0 thinking=False
2026-07-22 00:18:20 [info     ] narrator_tool_followup         effects_count=4 tool_count=4
2026-07-22 00:18:25 [info     ] ollama_raw_response            has_message_attr=True is_dict=False response_type=ChatResponse
2026-07-22 00:18:25 [info     ] ollama_message_extracted       content_length=311 content_preview='{\n  "new_events": [\n    "The reliquary\'s demolition pin is triggered, causing it to detonate and shatter into fragments.",\n    "Mara Venn reveals that the charge was intended for the Ash Gate seal, no' content_type=str has_thinking=False
2026-07-22 00:18:25 [info     ] state_delta_extracted          has_location=False has_time=False new_events=2 new_facts=0 new_npcs=0 npc_updates=0
2026-07-22 00:18:25 [info     ] world_state_updated            facts_count=30 location='Copper Finch' npc_count=1 time=morning turn=8
2026-07-22 00:18:26 [info     ] memory_added                   campaign_id=31747d57-12ea-4807-9831-a15b172a741c memory_id=narrative_165b3e88-4715-470c-b655-044397d9e464
2026-07-22 00:18:26 [info     ] entity_referenced              alias_used= dialogue_emotions=['flat'] dialogue_indices=[1] entity_id=mara-venn entity_name='Mara Venn'
2026-07-22 00:18:26 [info     ] effect_executed                effect_type=ref_entity idempotency_key=31747d57-12ea-4807-9831-a15b172a741c:discord:999999:turn-8:0 success=True
2026-07-22 00:18:26 [info     ] effect_applied                 details={'entity_id': 'mara-venn', 'alias_used': None, 'found_in_scene': True, 'found_in_world': True, 'world_reference_type': 'npc'} effect_type=ref_entity was_duplicate=False
2026-07-22 00:18:26 [info     ] entity_referenced              alias_used= dialogue_emotions=[] dialogue_indices=[] entity_id=sealed-reliquary entity_name='sealed reliquary'
2026-07-22 00:18:26 [info     ] effect_executed                effect_type=ref_entity idempotency_key=31747d57-12ea-4807-9831-a15b172a741c:discord:999999:turn-8:1 success=True
2026-07-22 00:18:26 [info     ] effect_applied                 details={'entity_id': 'sealed-reliquary', 'alias_used': None, 'found_in_scene': True, 'found_in_world': True, 'world_reference_type': 'item'} effect_type=ref_entity was_duplicate=False
2026-07-22 00:18:26 [info     ] entity_removed                 id=sealed-reliquary name='sealed reliquary'
2026-07-22 00:18:26 [info     ] effect_executed                effect_type=remove_entity idempotency_key=31747d57-12ea-4807-9831-a15b172a741c:discord:999999:turn-8:2 success=True
2026-07-22 00:18:26 [info     ] effect_applied                 details={'entity_id': 'sealed-reliquary', 'entity_name': 'sealed reliquary', 'reason': "destroyed by its own demolition charge triggered by Kael's verbal command"} effect_type=remove_entity was_duplicate=False
2026-07-22 00:18:26 [info     ] entity_updated_by_narrator     applied={'disposition': 'neutral', 'description_appended': 'visibly shaken by the destruction of the reliquary, voice gone flat'} entity_id=mara-venn
2026-07-22 00:18:26 [info     ] effect_executed                effect_type=update_entity idempotency_key=31747d57-12ea-4807-9831-a15b172a741c:discord:999999:turn-8:3 success=True
2026-07-22 00:18:26 [info     ] effect_applied                 details={'entity_id': 'mara-venn', 'applied': {'disposition': 'neutral', 'description_appended': 'visibly shaken by the destruction of the reliquary, voice gone flat'}, 'found_in_scene': True, 'found_in_world': True} effect_type=update_entity was_duplicate=False
2026-07-22 00:18:26 [debug    ] effect_bridge_converted        op_count=3 promotion_count=0
2026-07-22 00:18:26 [debug    ] kg_operations_applied          count=3 rejections=1
2026-07-22 00:18:26 [debug    ] effect_kg_rejections           rejections=['update_node: Node not found: sealed-reliquary']
2026-07-22 00:18:27 [debug    ] resource_not_found             character='Kael Windrunner' item='sealed reliquary'
2026-07-22 00:18:27 [info     ] message_processed              action_preview='I do not touch or use the sealed reliquary. From a' combat_triggered=False has_mechanics=False scene_entities=4 session_id=e48d3bbd-6b83-42c7-9667-155eb1d6fa84 user=TestPlayer

[1m[95m[NARRATION][0m 
  The word drops like a stone into still water. *Now.* The reliquary's bronze 
  pin shivers once — a faint metallic *click-chuff* from deep within the iron 
  casing. Then a second sound: a low, building hum, like a trapped insect 
  trying to chew its way out. Mara's eyes snap wide. She shoves back from the 
  table, chair legs screeching against the floorboards. "Kael—!" The hum 
  becomes a whine. The iron box *bulges* at its seams — a hairline crack of 
  orange light splitting the lid — Then it *rips* open. Not an explosion. A 
  *detonation.* A flat, percussive *CRACK* that punches the air out of the 
  room. The reliquary shreds into a spray of iron fragments and splintered 
  bronze. The table buckles, one leg snapping as a chunk of iron embeds itself 
  in the wall two feet from Mara's head. Smoke. Acrid, metallic, stinging the 
  nostrils. The copper lamps swing wildly, casting shuddering shadows across 
  the room. Where the reliquary sat, there's nothing but a scorched crater in 
  the tabletop and a scatter of blackened metal shards cooling on the floor. 
  Silence. Then the rain again, washing against the shutters. Mara stands 
  frozen, one hand half-raised, her face pale in the lamplight. She stares at 
  the destroyed table. Then at you. "...You just destroyed the only way I had 
  to crack the Ash Gate's inner seal." Her voice is flat. Not angry. *Flat.* 
  "That charge was meant for the gate. Not for my lockbox." She exhales slowly. 
  Runs a gloved hand over her face. "Tell me you had a reason." 

[2m  [21.3s][0m
  [92mNo issues detected[0m
  [2m[MEM] buffer=8, overflow=0, summary=no (0ch), scratchpad=0[0m

[1m------------------------------------------------------------[0m
[1m  Turn 9: [96m"I warn Mara Venn that the watch is at the door. She chooses to flee the Copper Finch immediately, taking nothing else."[0m
[1m------------------------------------------------------------[0m
2026-07-22 00:18:30 [info     ] ollama_raw_response            has_message_attr=True is_dict=False response_type=ChatResponse
2026-07-22 00:18:30 [info     ] ollama_message_extracted       content_length=514 content_preview="- The DM clarifies that since Mara never accepted the compass earlier, it remains in Kael's pack, but proceeds to narrate Mara revealing a fresh crescent scar on her palm as new information while she " content_type=str has_thinking=False
2026-07-22 00:18:30 [info     ] messages_condensed             campaign_id=31747d57-12ea-4807-9831-a15b172a741c condensed_total=5 summaries_produced=2
2026-07-22 00:18:33 [info     ] ollama_raw_response            has_message_attr=True is_dict=False response_type=ChatResponse
2026-07-22 00:18:33 [info     ] ollama_message_extracted       content_length=440 content_preview='- NPC: Kael Windrunner - Protagonist who warned Mara about the approaching guard and chose not to take items during the escape\n- NPC: Mara Venn - Investigator who fled the tavern with no possessions a' content_type=str has_thinking=False
2026-07-22 00:18:33 [info     ] periodic_facts_extracted       campaign_id=31747d57-12ea-4807-9831-a15b172a741c new_facts_count=3 total_pinned_facts=15
2026-07-22 00:18:34 [info     ] processing_action              action='I warn Mara Venn that the watch is at the door. Sh' player='Kael Windrunner'
2026-07-22 00:18:36 [info     ] ollama_raw_response            has_message_attr=True is_dict=False response_type=ChatResponse
2026-07-22 00:18:36 [info     ] ollama_message_extracted       content_length=367 content_preview='{\n    "action_type": "social",\n    "narrative_direction": "Narrate Mara Venn making a decisive choice to flee with only her person, leaving behind valuable items (compass, note, key) despite the dange' content_type=str has_thinking=False
2026-07-22 00:18:36 [debug    ] triage_raw_response            content='{\n    "action_type": "social",\n    "narrative_direction": "Narrate Mara Venn making a decisive choice to flee with only her person, leaving behind valuable items (compass, note, key) despite the dange'
2026-07-22 00:18:36 [info     ] triage_decision                action_type=social dc=None is_creature_target=False needs_roll=False reasoning= skill=None target_name=None
2026-07-22 00:18:37 [debug    ] kg_context_injected            narrative_recalled=0 scene_seeds=4 seed_count=4 text_matches=2 vector_matches=0
2026-07-22 00:18:37 [info     ] narrator_tier_selected         action_type=social definitely_standard=False forced=False in_combat=False is_opening=False significance=routine tier=standard
2026-07-22 00:18:46 [info     ] deepseek_response              cache_hit_ratio=0.0762964434730777 cache_hit_tokens=768 cache_miss_tokens=9298 content_length=1602 content_preview='You hold up a hand. Your voice cuts through the ringing aftershock.\n\n"The watch. They\'ll have heard that. They\'re coming."\n\nMara\'s head snaps toward the front door. The rain-soaked street beyond the s' model=deepseek-v4-flash reasoning_length=0 thinking=False
2026-07-22 00:18:46 [debug    ] narrator_tools_used            action='I warn Mara Venn that the watch is at the door. She chooses ' effects_count=5 tool_count=5
2026-07-22 00:18:50 [info     ] ollama_raw_response            has_message_attr=True is_dict=False response_type=ChatResponse
2026-07-22 00:18:50 [info     ] ollama_message_extracted       content_length=420 content_preview='{\n  "location_change": "Copper Finch",\n  "new_connections": [\n    "rear wall hidden door"\n  ],\n  "npc_updates": [\n    {\n      "id": "047a0bcc-2684-447f-bc75-03c00490fc56",\n      "location": "Copper Fi' content_type=str has_thinking=False
2026-07-22 00:18:50 [info     ] state_delta_extracted          has_location=True has_time=False new_events=2 new_facts=0 new_npcs=0 npc_updates=1
2026-07-22 00:18:50 [info     ] world_state_updated            facts_count=30 location='Copper Finch' npc_count=1 time=morning turn=9
2026-07-22 00:18:50 [debug    ] delta_bridge_converted         op_count=7
2026-07-22 00:18:50 [debug    ] kg_operations_applied          count=7 rejections=0
2026-07-22 00:18:52 [info     ] memory_added                   campaign_id=31747d57-12ea-4807-9831-a15b172a741c memory_id=narrative_dd97a2fc-80e9-495e-8625-adb339e99272
2026-07-22 00:18:52 [info     ] entity_referenced              alias_used= dialogue_emotions=['urgent', 'resolute', 'firm'] dialogue_indices=[1, 2, 3] entity_id=mara-venn entity_name='Mara Venn'
2026-07-22 00:18:52 [info     ] effect_executed                effect_type=ref_entity idempotency_key=31747d57-12ea-4807-9831-a15b172a741c:discord:999999:turn-9:0 success=True
2026-07-22 00:18:52 [info     ] effect_applied                 details={'entity_id': 'mara-venn', 'alias_used': None, 'found_in_scene': True, 'found_in_world': True, 'world_reference_type': 'npc'} effect_type=ref_entity was_duplicate=False
2026-07-22 00:18:52 [info     ] entity_referenced              alias_used= dialogue_emotions=[] dialogue_indices=[] entity_id=water-stained-note entity_name='water-stained note'
2026-07-22 00:18:52 [info     ] effect_executed                effect_type=ref_entity idempotency_key=31747d57-12ea-4807-9831-a15b172a741c:discord:999999:turn-9:1 success=True
2026-07-22 00:18:52 [info     ] effect_applied                 details={'entity_id': 'water-stained-note', 'alias_used': None, 'found_in_scene': True, 'found_in_world': True, 'world_reference_type': 'item'} effect_type=ref_entity was_duplicate=False
2026-07-22 00:18:52 [info     ] entity_referenced              alias_used= dialogue_emotions=[] dialogue_indices=[] entity_id=obsidian-key entity_name='obsidian key'
2026-07-22 00:18:52 [info     ] effect_executed                effect_type=ref_entity idempotency_key=31747d57-12ea-4807-9831-a15b172a741c:discord:999999:turn-9:2 success=True
2026-07-22 00:18:52 [info     ] effect_applied                 details={'entity_id': 'obsidian-key', 'alias_used': None, 'found_in_scene': True, 'found_in_world': True, 'world_reference_type': 'item'} effect_type=ref_entity was_duplicate=False
2026-07-22 00:18:52 [info     ] entity_referenced              alias_used= dialogue_emotions=[] dialogue_indices=[] entity_id=brass-compass entity_name='brass compass'
2026-07-22 00:18:52 [info     ] effect_executed                effect_type=ref_entity idempotency_key=31747d57-12ea-4807-9831-a15b172a741c:discord:999999:turn-9:3 success=True
2026-07-22 00:18:52 [info     ] effect_applied                 details={'entity_id': 'brass-compass', 'alias_used': None, 'found_in_scene': True, 'found_in_world': False, 'world_reference_type': None} effect_type=ref_entity was_duplicate=False
2026-07-22 00:18:52 [info     ] entity_updated_by_narrator     applied={'status': 'fled'} entity_id=mara-venn
2026-07-22 00:18:52 [info     ] effect_executed                effect_type=update_entity idempotency_key=31747d57-12ea-4807-9831-a15b172a741c:discord:999999:turn-9:4 success=True
2026-07-22 00:18:52 [info     ] effect_applied                 details={'entity_id': 'mara-venn', 'applied': {'status': 'fled'}, 'found_in_scene': True, 'found_in_world': True} effect_type=update_entity was_duplicate=False
2026-07-22 00:18:52 [debug    ] effect_bridge_converted        op_count=1 promotion_count=0
2026-07-22 00:18:52 [debug    ] kg_operations_applied          count=1 rejections=0
2026-07-22 00:18:52 [info     ] message_processed              action_preview='I warn Mara Venn that the watch is at the door. Sh' combat_triggered=False has_mechanics=False scene_entities=4 session_id=e48d3bbd-6b83-42c7-9667-155eb1d6fa84 user=TestPlayer

[1m[95m[NARRATION][0m 
  You hold up a hand. Your voice cuts through the ringing aftershock. "The 
  watch. They'll have heard that. They're coming." Mara's head snaps toward the 
  front door. The rain-soaked street beyond the shutters is silent — but in the 
  distance, muffled by the downpour, a shout. Then another. Boots on wet 
  cobblestones, growing closer. She looks at the destroyed table. The scattered 
  shards. The obsidian key still in your hand. The water-stained note lying 
  near a splinter of iron. A beat. A decision. She *moves*. No grab for 
  belongings. No snatch for the note. She crosses the room in three quick 
  strides, her coat whispering, and presses her back against the rear wall. Her 
  fingers find a seam in the wood — a hidden door, painted to match the 
  paneling. She looks back at you. Hard. Quick. "That key is yours now. The 
  archive, west wall, loose stone. Find the box. Find what Vex was hiding." She 
  pulls the panel open a crack. Cold air spills in. "If I'm caught, I know 
  nothing. You paid a stranger for information. That's all." She meets your 
  eyes one last time. "Don't let the ferryman's death be for nothing." Then 
  she's gone. The panel clicks shut behind her. The room falls silent except 
  for the rain, the distant shouts growing louder, and the tick of a copper 
  lamp cooling in the smoke. The front door of the Copper Finch shudders. A 
  fist pounds against it. "OPEN IN THE NAME OF THE WATCH!" On the table before 
  you: the water-stained note. The obsidian key in your hand. The brass compass 
  in your pack. And the scattered wreckage of a destroyed reliquary. The watch 
  is at the door. 

[2m  [25.6s][0m
  [92mNo issues detected[0m
  [2m[MEM] buffer=8, overflow=0, summary=no (0ch), scratchpad=0[0m

[1m------------------------------------------------------------[0m
[1m  Turn 10: [96m"I call out for Old Bram, though I know he died. I listen for no living answer and instead recall his last warning about the Ash Gate."[0m
[1m------------------------------------------------------------[0m
2026-07-22 00:18:53 [info     ] processing_action              action='I call out for Old Bram, though I know he died. I ' player='Kael Windrunner'
2026-07-22 00:18:56 [info     ] ollama_raw_response            has_message_attr=True is_dict=False response_type=ChatResponse
2026-07-22 00:18:56 [info     ] ollama_message_extracted       content_length=422 content_preview='{\n    "action_type": "roleplay",\n    "reasoning": "The player is performing a dramatic monologue/ritual (calling out to a dead ally) while recalling lore/warnings. There are no physical stakes, uncert' content_type=str has_thinking=False
2026-07-22 00:18:56 [debug    ] triage_raw_response            content='{\n    "action_type": "roleplay",\n    "reasoning": "The player is performing a dramatic monologue/ritual (calling out to a dead ally) while recalling lore/warnings. There are no physical stakes, uncert'
2026-07-22 00:18:56 [info     ] triage_decision                action_type=roleplay dc=None is_creature_target=False needs_roll=False reasoning='The player is performing a dramatic monologue/ritual (calling out to a dead ally) while recalling lo' skill=None target_name=None
2026-07-22 00:18:57 [debug    ] kg_context_injected            narrative_recalled=0 scene_seeds=3 seed_count=4 text_matches=1 vector_matches=0
2026-07-22 00:18:57 [info     ] narrator_tier_selected         action_type=roleplay definitely_standard=False forced=False in_combat=False is_opening=False significance=notable tier=premium
2026-07-22 00:19:02 [info     ] deepseek_response              cache_hit_ratio=0.07660083782166367 cache_hit_tokens=768 cache_miss_tokens=9258 content_length=1229 content_preview='The name leaves your throat before you can stop it.\n\n"Old Bram."\n\nSilence. The rain. The distant shouts. The copper lamp ticks.\n\nYou didn\'t expect an answer. You *knew* you wouldn\'t get one. But the w' model=deepseek-v4-flash reasoning_length=0 thinking=False
2026-07-22 00:19:05 [info     ] deepseek_response              cache_hit_ratio=0.96932979931844 cache_hit_tokens=10240 cache_miss_tokens=324 content_length=0 content_preview= model=deepseek-v4-flash reasoning_length=0 thinking=False
2026-07-22 00:19:05 [info     ] narrator_tool_followup         effects_count=6 tool_count=6
2026-07-22 00:19:10 [info     ] ollama_raw_response            has_message_attr=True is_dict=False response_type=ChatResponse
2026-07-22 00:19:10 [info     ] ollama_message_extracted       content_length=490 content_preview='{\n  "new_npcs": [\n    {\n      "name": "Old Bram",\n      "location": "Copper Finch",\n      "disposition": "dead",\n      "description": "A ferryman who died three days ago near the Ash Gate, known for w' content_type=str has_thinking=False
2026-07-22 00:19:10 [info     ] state_delta_extracted          has_location=False has_time=False new_events=0 new_facts=2 new_npcs=1 npc_updates=0
2026-07-22 00:19:10 [info     ] returning_npc_reanchored       canonical_id=c5ffea14-551a-40b3-b367-8af422181dc6 npc_name='Old Bram' previous_id=b8a776c5-8291-46cd-b5a6-af25b7565cdf
2026-07-22 00:19:10 [warning  ] state_delta_governance_rejection reason='Dead NPC cannot be reintroduced as living: Old Bram'
2026-07-22 00:19:10 [debug    ] state_delta_applied_with_rejections rejections=['Dead NPC cannot be reintroduced as living: Old Bram'] turn=10
2026-07-22 00:19:10 [info     ] world_state_updated            facts_count=35 location='Copper Finch' npc_count=1 time=morning turn=10
2026-07-22 00:19:10 [info     ] memory_added                   campaign_id=31747d57-12ea-4807-9831-a15b172a741c memory_id=narrative_33e6cf24-a0d4-4c5a-8f65-ef863957459c
2026-07-22 00:19:10 [info     ] entity_referenced              alias_used= dialogue_emotions=[] dialogue_indices=[] entity_id=mara-venn entity_name='Mara Venn'
2026-07-22 00:19:10 [info     ] effect_executed                effect_type=ref_entity idempotency_key=31747d57-12ea-4807-9831-a15b172a741c:discord:999999:turn-10:0 success=True
2026-07-22 00:19:10 [info     ] effect_applied                 details={'entity_id': 'mara-venn', 'alias_used': None, 'found_in_scene': True, 'found_in_world': True, 'world_reference_type': 'npc'} effect_type=ref_entity was_duplicate=False
2026-07-22 00:19:10 [info     ] entity_referenced              alias_used= dialogue_emotions=[] dialogue_indices=[] entity_id=water-stained-note entity_name='water-stained note'
2026-07-22 00:19:10 [info     ] effect_executed                effect_type=ref_entity idempotency_key=31747d57-12ea-4807-9831-a15b172a741c:discord:999999:turn-10:1 success=True
2026-07-22 00:19:10 [info     ] effect_applied                 details={'entity_id': 'water-stained-note', 'alias_used': None, 'found_in_scene': True, 'found_in_world': True, 'world_reference_type': 'item'} effect_type=ref_entity was_duplicate=False
2026-07-22 00:19:10 [info     ] entity_referenced              alias_used= dialogue_emotions=[] dialogue_indices=[] entity_id=obsidian-key entity_name='obsidian key'
2026-07-22 00:19:10 [info     ] effect_executed                effect_type=ref_entity idempotency_key=31747d57-12ea-4807-9831-a15b172a741c:discord:999999:turn-10:2 success=True
2026-07-22 00:19:10 [info     ] effect_applied                 details={'entity_id': 'obsidian-key', 'alias_used': None, 'found_in_scene': True, 'found_in_world': True, 'world_reference_type': 'item'} effect_type=ref_entity was_duplicate=False
2026-07-22 00:19:10 [info     ] entity_referenced              alias_used= dialogue_emotions=[] dialogue_indices=[] entity_id=brass-compass entity_name='brass compass'
2026-07-22 00:19:10 [info     ] effect_executed                effect_type=ref_entity idempotency_key=31747d57-12ea-4807-9831-a15b172a741c:discord:999999:turn-10:3 success=True
2026-07-22 00:19:10 [info     ] effect_applied                 details={'entity_id': 'brass-compass', 'alias_used': None, 'found_in_scene': True, 'found_in_world': False, 'world_reference_type': None} effect_type=ref_entity was_duplicate=False
2026-07-22 00:19:10 [info     ] entity_updated_by_narrator     applied={'status': 'fled', 'description_appended': 'Fled through the hidden rear panel of the Copper Finch as the Watch arrived.'} entity_id=mara-venn
2026-07-22 00:19:10 [info     ] effect_executed                effect_type=update_entity idempotency_key=31747d57-12ea-4807-9831-a15b172a741c:discord:999999:turn-10:4 success=True
2026-07-22 00:19:10 [info     ] effect_applied                 details={'entity_id': 'mara-venn', 'applied': {'status': 'fled', 'description_appended': 'Fled through the hidden rear panel of the Copper Finch as the Watch arrived.'}, 'found_in_scene': True, 'found_in_world': True} effect_type=update_entity was_duplicate=False
2026-07-22 00:19:10 [info     ] player_updated_by_narrator     applied={'items_granted': [{'name': 'obsidian key', 'quantity': 1}]} character_id=ac9781f6-20e0-4bb4-ab8b-d2783a0f5ee1 persisted=True
2026-07-22 00:19:10 [info     ] effect_executed                effect_type=update_player idempotency_key=31747d57-12ea-4807-9831-a15b172a741c:discord:999999:turn-10:5 success=True
2026-07-22 00:19:10 [info     ] effect_applied                 details={'applied': {'items_granted': [{'name': 'obsidian key', 'quantity': 1}]}, 'narrator_authoritative': True, 'persisted': True} effect_type=update_player was_duplicate=False
2026-07-22 00:19:10 [debug    ] effect_bridge_converted        op_count=1 promotion_count=0
2026-07-22 00:19:10 [debug    ] kg_operations_applied          count=1 rejections=0
2026-07-22 00:19:11 [info     ] message_processed              action_preview='I call out for Old Bram, though I know he died. I ' combat_triggered=False has_mechanics=False scene_entities=4 session_id=e48d3bbd-6b83-42c7-9667-155eb1d6fa84 user=TestPlayer

[1m[95m[NARRATION][0m 
  The name leaves your throat before you can stop it. "Old Bram." Silence. The 
  rain. The distant shouts. The copper lamp ticks. You didn't expect an answer. 
  You *knew* you wouldn't get one. But the words needed to be said — a marker 
  laid down, a name spoken into the dark so the world remembers he was here. 
  And in the quiet that follows, the memory rises unbidden. *The Ash Gate.* 
  You'd heard Bram speak of it only once, toward the end, when the drink had 
  loosened his tongue and the fear had tightened his eyes. He'd gripped your 
  arm with a ferryman's calloused hand and leaned close, breath sour with ale. 
  *"Don't go near it, boy. Don't ask about it. Some doors stay shut for a 
  reason, and the things that want 'em open… they don't knock."* He'd died 
  three days later. No wounds. No struggle. Just a cold body found near the 
  gate's iron seam. The fist pounds the door again. Wood groans. "LAST WARNING! 
  OPEN THIS DOOR!" The water-stained note lies on the scarred table. *The 
  ferryman knows. The ferryman must not speak. Seal the gate before the next 
  new moon.* You know how many days until the new moon. You've been counting 
  since you found the note. The obsidian key is cool and heavy in your palm. 
  What do you do? 

[2m  [18.2s][0m
  [92mNo issues detected[0m
  [2m[MEM] buffer=8, overflow=0, summary=no (0ch), scratchpad=0[0m

[1m------------------------------------------------------------[0m
[1m  Turn 11: [96m"I leave the Copper Finch and travel to the Ash Gate, arriving beneath its cracked black arch."[0m
[1m------------------------------------------------------------[0m
2026-07-22 00:19:13 [info     ] ollama_raw_response            has_message_attr=True is_dict=False response_type=ChatResponse
2026-07-22 00:19:13 [info     ] ollama_message_extracted       content_length=491 content_preview="- Mara accepts two gold coins to officially hire Kael's services for the gate mission before revealing a bronze demolition pin designed to crack an archive vault lock within thirty seconds of activati" content_type=str has_thinking=False
2026-07-22 00:19:13 [info     ] messages_condensed             campaign_id=31747d57-12ea-4807-9831-a15b172a741c condensed_total=7 summaries_produced=2
2026-07-22 00:19:17 [info     ] ollama_raw_response            has_message_attr=True is_dict=False response_type=ChatResponse
2026-07-22 00:19:17 [info     ] ollama_message_extracted       content_length=811 content_preview='{\n    "summary": "After Kael destroys the reliquary to prevent it from detonating, Mara Venn flees the Copper Finch as City Watch guards pound on the door. She leaves behind an obsidian key and a note' content_type=str has_thinking=False
2026-07-22 00:19:17 [info     ] incremental_summary_llm_response campaign_id=31747d57-12ea-4807-9831-a15b172a741c raw_length=811 raw_preview='{\n    "summary": "After Kael destroys the reliquary to prevent it from detonating, Mara Venn flees the Copper Finch as City Watch guards pound on the door. She leaves behind an obsidian key and a note'
2026-07-22 00:19:17 [info     ] memory_added                   campaign_id=31747d57-12ea-4807-9831-a15b172a741c memory_id=session_incremental_21
2026-07-22 00:19:17 [info     ] incremental_summary_generated  campaign_id=31747d57-12ea-4807-9831-a15b172a741c message_count=21
2026-07-22 00:19:18 [info     ] processing_action              action='I leave the Copper Finch and travel to the Ash Gat' player='Kael Windrunner'
2026-07-22 00:19:20 [info     ] ollama_raw_response            has_message_attr=True is_dict=False response_type=ChatResponse
2026-07-22 00:19:20 [info     ] ollama_message_extracted       content_length=130 content_preview='{\n    "action_type": "movement",\n    "narrative_significance": "routine",\n    "resources_consumed": [],\n    "currency_spent": {}\n}' content_type=str has_thinking=False
2026-07-22 00:19:20 [debug    ] triage_raw_response            content='{\n    "action_type": "movement",\n    "narrative_significance": "routine",\n    "resources_consumed": [],\n    "currency_spent": {}\n}'
2026-07-22 00:19:20 [info     ] triage_decision                action_type=movement dc=None is_creature_target=False needs_roll=False reasoning= skill=None target_name=None
2026-07-22 00:19:20 [debug    ] kg_context_injected            narrative_recalled=0 scene_seeds=3 seed_count=3 text_matches=1 vector_matches=0
2026-07-22 00:19:20 [info     ] narrator_tier_selected         action_type=movement definitely_standard=False forced=False in_combat=False is_opening=False significance=routine tier=standard
2026-07-22 00:19:27 [info     ] deepseek_response              cache_hit_ratio=0.07404550713459314 cache_hit_tokens=768 cache_miss_tokens=9604 content_length=1751 content_preview='The back door. You take it — the hidden panel Mara slipped through, still slightly ajar. Cold air and the smell of wet stone wash over you as you step into a narrow alley slick with rain.\n\nBehind you,' model=deepseek-v4-flash reasoning_length=0 thinking=False
2026-07-22 00:19:30 [info     ] deepseek_response              cache_hit_ratio=0.9767441860465116 cache_hit_tokens=10752 cache_miss_tokens=256 content_length=0 content_preview= model=deepseek-v4-flash reasoning_length=0 thinking=False
2026-07-22 00:19:30 [info     ] narrator_tool_followup         effects_count=5 tool_count=5
2026-07-22 00:19:35 [info     ] ollama_raw_response            has_message_attr=True is_dict=False response_type=ChatResponse
2026-07-22 00:19:35 [info     ] ollama_message_extracted       content_length=309 content_preview='{\n  "location_change": "Ash Gate",\n  "new_connections": [\n    "back door (hidden panel)",\n    "front door of the Copper Finch"\n  ],\n  "npc_updates": [],\n  "removed_npcs": [],\n  "flag_changes": {\n    "' content_type=str has_thinking=False
2026-07-22 00:19:35 [info     ] state_delta_extracted          has_location=True has_time=False new_events=0 new_facts=0 new_npcs=0 npc_updates=0
2026-07-22 00:19:35 [info     ] world_state_updated            facts_count=35 location='Ash Gate' npc_count=1 time=morning turn=11
2026-07-22 00:19:35 [debug    ] delta_bridge_converted         op_count=9
2026-07-22 00:19:35 [debug    ] kg_operations_applied          count=9 rejections=0
2026-07-22 00:19:36 [info     ] memory_added                   campaign_id=31747d57-12ea-4807-9831-a15b172a741c memory_id=narrative_638be681-c80c-481e-94f6-bd54f969e74e
2026-07-22 00:19:36 [info     ] entity_referenced              alias_used= dialogue_emotions=[] dialogue_indices=[] entity_id=mara-venn entity_name='Mara Venn'
2026-07-22 00:19:36 [info     ] effect_executed                effect_type=ref_entity idempotency_key=31747d57-12ea-4807-9831-a15b172a741c:discord:999999:turn-11:0 success=True
2026-07-22 00:19:36 [info     ] effect_applied                 details={'entity_id': 'mara-venn', 'alias_used': None, 'found_in_scene': True, 'found_in_world': True, 'world_reference_type': 'npc'} effect_type=ref_entity was_duplicate=False
2026-07-22 00:19:36 [info     ] entity_referenced              alias_used= dialogue_emotions=[] dialogue_indices=[] entity_id=water-stained-note entity_name='water-stained note'
2026-07-22 00:19:36 [info     ] effect_executed                effect_type=ref_entity idempotency_key=31747d57-12ea-4807-9831-a15b172a741c:discord:999999:turn-11:1 success=True
2026-07-22 00:19:36 [info     ] effect_applied                 details={'entity_id': 'water-stained-note', 'alias_used': None, 'found_in_scene': True, 'found_in_world': True, 'world_reference_type': 'item'} effect_type=ref_entity was_duplicate=False
2026-07-22 00:19:36 [info     ] entity_referenced              alias_used= dialogue_emotions=[] dialogue_indices=[] entity_id=obsidian-key entity_name='obsidian key'
2026-07-22 00:19:36 [info     ] effect_executed                effect_type=ref_entity idempotency_key=31747d57-12ea-4807-9831-a15b172a741c:discord:999999:turn-11:2 success=True
2026-07-22 00:19:36 [info     ] effect_applied                 details={'entity_id': 'obsidian-key', 'alias_used': None, 'found_in_scene': True, 'found_in_world': True, 'world_reference_type': 'item'} effect_type=ref_entity was_duplicate=False
2026-07-22 00:19:36 [info     ] entity_referenced              alias_used= dialogue_emotions=[] dialogue_indices=[] entity_id=brass-compass entity_name='brass compass'
2026-07-22 00:19:36 [info     ] effect_executed                effect_type=ref_entity idempotency_key=31747d57-12ea-4807-9831-a15b172a741c:discord:999999:turn-11:3 success=True
2026-07-22 00:19:36 [info     ] effect_applied                 details={'entity_id': 'brass-compass', 'alias_used': None, 'found_in_scene': True, 'found_in_world': False, 'world_reference_type': None} effect_type=ref_entity was_duplicate=False
2026-07-22 00:19:36 [info     ] effect_executed                effect_type=change_location idempotency_key=31747d57-12ea-4807-9831-a15b172a741c:discord:999999:turn-11:4 success=True
2026-07-22 00:19:36 [info     ] effect_applied                 details={'location_name': 'Ash Gate', 'location_description': "A massive cracked black stone arch forty feet high, sealed by a rusted iron seam welded from the inside, with a scatter of grey ash at its base where Old Bram's body was found.", 'narrator_authoritative': True} effect_type=change_location was_duplicate=False
2026-07-22 00:19:36 [info     ] entity_removed                 id=d4057ba2-ec0b-4881-ae0e-d8d452f24f3e name='Mara Venn'
2026-07-22 00:19:36 [info     ] entity_removed                 id=brass-compass name='brass compass'
2026-07-22 00:19:36 [info     ] entity_removed                 id=f431a01d-45fd-40de-926d-1b6895ddb556 name='water-stained note'
2026-07-22 00:19:36 [info     ] entity_removed                 id=6de063ae-6053-40ae-afee-2f260052fa5f name='obsidian key'
2026-07-22 00:19:36 [info     ] scene_registry_rescoped        location='Ash Gate' remaining=0 removed=4
2026-07-22 00:19:36 [info     ] message_processed              action_preview='I leave the Copper Finch and travel to the Ash Gat' combat_triggered=False has_mechanics=False scene_entities=0 session_id=e48d3bbd-6b83-42c7-9667-155eb1d6fa84 user=TestPlayer

[1m[95m[NARRATION][0m 
  The back door. You take it — the hidden panel Mara slipped through, still 
  slightly ajar. Cold air and the smell of wet stone wash over you as you step 
  into a narrow alley slick with rain. Behind you, the front door of the Copper 
  Finch splinters. Shouts. Heavy boots crossing the floorboards. You don't look 
  back. The alley feeds into a winding lane, then a wider street. The rain 
  washes the sound out, layers it under the drumming of water on slate roofs 
  and cobblestones. You move fast, head down, the obsidian key tucked into your 
  palm, the water-stained note folded against your chest. The city thins. 
  Buildings grow older, blackened, abandoned. The cobbles give way to packed 
  earth, then to bare stone. The air changes — colder, stiller, carrying a 
  faint metallic tang like old blood and rust. And then you see it. The Ash 
  Gate. It rises from the earth like a broken tooth — a massive arch of black 
  stone, cracked and weeping dark streaks where rain has traced the same paths 
  for centuries. The iron seam Bram spoke of runs down its center, a hairline 
  of rusted metal fused into the stone itself. Welded shut. Sealed from the 
  inside. The arch looms forty feet high. Beyond it, nothing but a wall of 
  absolute darkness, as if the gate doesn't open to a passage but to *absence 
  itself.* Up close, the iron seam is crisscrossed with old weld marks — crude, 
  hurried, done by someone who didn't want whatever was on the other side 
  coming through. And there, at the base, where the seam meets the ground: A 
  scatter of ash. Grey and fine, already washing away in the rain. Where Old 
  Bram's body was found. The obsidian key thrums faintly against your fingers — 
  or maybe that's just your pulse. The rain falls. The gate waits. What do you 
  do? 

[2m  [25.1s][0m
  [92mNo issues detected[0m
  [2m[MEM] buffer=8, overflow=0, summary=no (0ch), scratchpad=0[0m

[1m------------------------------------------------------------[0m
[1m  Turn 12: [96m"At the Ash Gate I meet a new, physically present courier named Sable Quill, introduce myself, and ask why she was waiting for me."[0m
[1m------------------------------------------------------------[0m
2026-07-22 00:19:39 [info     ] ollama_raw_response            has_message_attr=True is_dict=False response_type=ChatResponse
2026-07-22 00:19:39 [info     ] ollama_message_extracted       content_length=523 content_preview='- NPC: Sable Quill - New courier who meets Kael at the Ash Gate to explain her presence there\n- LOCATION: Ash Gate - Massive black stone arch with a rusted iron seam sealed from the inside, standing f' content_type=str has_thinking=False
2026-07-22 00:19:39 [info     ] periodic_facts_extracted       campaign_id=31747d57-12ea-4807-9831-a15b172a741c new_facts_count=4 total_pinned_facts=19
2026-07-22 00:19:39 [info     ] processing_action              action='At the Ash Gate I meet a new, physically present c' player='Kael Windrunner'
2026-07-22 00:19:41 [info     ] ollama_raw_response            has_message_attr=True is_dict=False response_type=ChatResponse
2026-07-22 00:19:41 [info     ] ollama_message_extracted       content_length=128 content_preview='{\n    "action_type": "social",\n    "narrative_significance": "routine",\n    "resources_consumed": [],\n    "currency_spent": {}\n}' content_type=str has_thinking=False
2026-07-22 00:19:41 [debug    ] triage_raw_response            content='{\n    "action_type": "social",\n    "narrative_significance": "routine",\n    "resources_consumed": [],\n    "currency_spent": {}\n}'
2026-07-22 00:19:41 [info     ] triage_decision                action_type=social dc=None is_creature_target=False needs_roll=False reasoning= skill=None target_name=None
2026-07-22 00:19:42 [debug    ] kg_context_injected            narrative_recalled=0 scene_seeds=1 seed_count=1 text_matches=1 vector_matches=0
2026-07-22 00:19:42 [info     ] narrator_tier_selected         action_type=social definitely_standard=False forced=False in_combat=False is_opening=False significance=routine tier=standard
2026-07-22 00:19:47 [info     ] deepseek_response              cache_hit_ratio=0.07986688851913477 cache_hit_tokens=768 cache_miss_tokens=8848 content_length=1244 content_preview="The rain has softened to a drizzle by the time you round the last corner. The Ash Gate looms ahead, a cracked black monument to silence.\n\nBut you're not alone.\n\nA figure stands at the base of the arch" model=deepseek-v4-flash reasoning_length=0 thinking=False
2026-07-22 00:19:50 [info     ] deepseek_response              cache_hit_ratio=0.9508716323296355 cache_hit_tokens=9600 cache_miss_tokens=496 content_length=0 content_preview= model=deepseek-v4-flash reasoning_length=0 thinking=False
2026-07-22 00:19:50 [info     ] narrator_tool_followup         effects_count=3 tool_count=3
2026-07-22 00:19:55 [info     ] ollama_raw_response            has_message_attr=True is_dict=False response_type=ChatResponse
2026-07-22 00:19:55 [info     ] ollama_message_extracted       content_length=372 content_preview='{\n  "new_npcs": [\n    {\n      "name": "Sable Quill",\n      "location": "Ash Gate",\n      "disposition": "friendly",\n      "description": "Young woman with dark cropped hair, a scar on her eyebrow, wea' content_type=str has_thinking=False
2026-07-22 00:19:55 [info     ] state_delta_extracted          has_location=False has_time=False new_events=0 new_facts=1 new_npcs=1 npc_updates=0
2026-07-22 00:19:59 [info     ] ollama_raw_response            has_message_attr=True is_dict=False response_type=ChatResponse
2026-07-22 00:19:59 [info     ] ollama_message_extracted       content_length=0 content_preview=EMPTY content_type=None has_thinking=True
2026-07-22 00:19:59 [info     ] entity_registered              disposition=friendly hostility=0 id=69c3571d-802e-45a7-9664-dc73753fabf2 monster_index=None name='Sable Quill' type=npc
2026-07-22 00:19:59 [info     ] world_state_updated            facts_count=36 location='Ash Gate' npc_count=2 time=morning turn=12
2026-07-22 00:19:59 [debug    ] delta_bridge_converted         op_count=2
2026-07-22 00:19:59 [debug    ] kg_operations_applied          count=2 rejections=0
2026-07-22 00:20:00 [info     ] memory_added                   campaign_id=31747d57-12ea-4807-9831-a15b172a741c memory_id=narrative_042d0f94-9918-472f-b413-5e782228973b
2026-07-22 00:20:00 [debug    ] ref_entity_known_off_scene     entity_id=ash-gate
2026-07-22 00:20:00 [info     ] effect_executed                effect_type=ref_entity idempotency_key=31747d57-12ea-4807-9831-a15b172a741c:discord:999999:turn-12:0 success=True
2026-07-22 00:20:00 [info     ] effect_applied                 details={'entity_id': 'ash-gate', 'alias_used': None, 'found_in_scene': False, 'found_in_world': True, 'world_reference_type': 'location'} effect_type=ref_entity was_duplicate=False
2026-07-22 00:20:00 [info     ] dedup_deterministic_rewrite    existing_name='Sable Quill' original_name='Sable Quill' target_id=7e11c8b3-c06f-4752-b000-a9437046f0aa
2026-07-22 00:20:00 [info     ] entity_referenced              alias_used= dialogue_emotions=['calm', 'sarcastic'] dialogue_indices=[1, 2] entity_id=7e11c8b3-c06f-4752-b000-a9437046f0aa entity_name='Sable Quill'
2026-07-22 00:20:00 [info     ] effect_executed                effect_type=ref_entity idempotency_key=31747d57-12ea-4807-9831-a15b172a741c:discord:999999:turn-12:1 success=True
2026-07-22 00:20:00 [info     ] effect_applied                 details={'entity_id': '7e11c8b3-c06f-4752-b000-a9437046f0aa', 'alias_used': None, 'found_in_scene': True, 'found_in_world': True, 'world_reference_type': 'npc'} effect_type=ref_entity was_duplicate=False
2026-07-22 00:20:00 [info     ] effect_executed                effect_type=change_location idempotency_key=31747d57-12ea-4807-9831-a15b172a741c:discord:999999:turn-12:2 success=True
2026-07-22 00:20:00 [info     ] effect_applied                 details={'location_name': 'Ash Gate', 'location_description': "A massive cracked black stone arch forty feet high, sealed by a rusted iron seam welded from the inside, with a scatter of grey ash at its base where Old Bram's body was found.", 'narrator_authoritative': True} effect_type=change_location was_duplicate=False
2026-07-22 00:20:00 [info     ] message_processed              action_preview='At the Ash Gate I meet a new, physically present c' combat_triggered=False has_mechanics=False scene_entities=1 session_id=e48d3bbd-6b83-42c7-9667-155eb1d6fa84 user=TestPlayer

[1m[95m[NARRATION][0m 
  The rain has softened to a drizzle by the time you round the last corner. The 
  Ash Gate looms ahead, a cracked black monument to silence. But you're not 
  alone. A figure stands at the base of the arch, hooded against the drizzle, a 
  leather satchel slung across one shoulder. Young — early twenties, maybe — 
  with a sharp jaw and darker skin, rain beading on the exposed bridge of her 
  nose. She's been waiting. Not pacing. Not sheltering. Just *waiting*, still 
  as the stone behind her. She sees you coming and doesn't flinch. Doesn't 
  reach for a weapon. Just watches you close the distance with calm, appraising 
  eyes. You stop a few paces from her. Introduce yourself. A pause. Then she 
  pulls back her hood. Dark hair, cropped short. A scar like a thin white 
  thread cutting through her left eyebrow. She offers a faint, wry smile. 
  "Sable Quill." Her voice is low, rough at the edges — a smoker's voice, or a 
  screamer's, or both. "I was told an elf with a brass compass would come to 
  this gate before the new moon. Paid good silver for the tip." She tilts her 
  head, studying you. "Didn't think you'd show up with the Watch at your heels 
  and a scorch mark on your coat, though. You make a habit of setting off 
  explosions before breakfast?" 

[2m  [24.2s][0m
  [92mNo issues detected[0m
  [2m[MEM] buffer=8, overflow=0, summary=no (0ch), scratchpad=1[0m
2026-07-22 00:20:00 [debug    ] character_reconciled           character='Kael Windrunner' session_id=e48d3bbd-6b83-42c7-9667-155eb1d6fa84
2026-07-22 00:20:00 [info     ] npcs_synced                    count=1
2026-07-22 00:20:00 [info     ] scene_cleared                  entities_removed=1
2026-07-22 00:20:04 [info     ] ollama_raw_response            has_message_attr=True is_dict=False response_type=ChatResponse
2026-07-22 00:20:04 [info     ] ollama_message_extracted       content_length=888 content_preview='{\n    "summary": "After Mara Venn flees the Copper Finch to avoid the approaching Watch, she leaves Kael Windrunner with an obsidian key and a note warning of a sealed gate before the new moon. Ignori' content_type=str has_thinking=False
2026-07-22 00:20:04 [info     ] incremental_summary_llm_response campaign_id=31747d57-12ea-4807-9831-a15b172a741c raw_length=888 raw_preview='{\n    "summary": "After Mara Venn flees the Copper Finch to avoid the approaching Watch, she leaves Kael Windrunner with an obsidian key and a note warning of a sealed gate before the new moon. Ignori'
2026-07-22 00:20:05 [info     ] memory_added                   campaign_id=31747d57-12ea-4807-9831-a15b172a741c memory_id=session_incremental_24
2026-07-22 00:20:05 [info     ] incremental_summary_generated  campaign_id=31747d57-12ea-4807-9831-a15b172a741c message_count=24
2026-07-22 00:20:05 [debug    ] memory_state_saved             campaign_id=31747d57-12ea-4807-9831-a15b172a741c
2026-07-22 00:20:05 [info     ] session_ended                  channel_id=999999 duration_minutes=4 session_id=e48d3bbd-6b83-42c7-9667-155eb1d6fa84
2026-07-22 00:20:05 [info     ] campaign_vectors_deleted       campaign_id=31747d57-12ea-4807-9831-a15b172a741c
[1m[2m[CLEANUP][0m SQLite and vector data deleted

[1m[96m============================================================[0m
[1m[96m  MEMORY DIAGNOSTICS[0m
[1m[96m============================================================[0m

  Messages processed: 0
  Buffer size: 0
  Overflow waiting: 0
  Running summary: NO (0 chars)
  Scratchpad entries: 1

[1m[96m============================================================[0m
[1m[96m  TEST SUMMARY[0m
[1m[96m============================================================[0m

  Turns played: 12
  Total issues: 0
    [91mErrors: 0[0m
    [93mWarnings: 0[0m

  Log saved: data\test_logs\test_1784694005.json
2026-07-22 00:20:05 [info     ] database_disconnected

========================================================================
TOOL RELIABILITY: PASS
========================================================================
effects: proposed=45 executed=45 rejected=0 reliability=100.0%
families: {'ref_entity': 12, 'update_entity': 4, 'spawn_object': 3, 'update_player': 4, 'remove_entity': 1, 'change_location': 2}
expected turns: 9/11
followup turns=[2, 4, 5, 8, 10, 11, 12] repair turns=[] structural errors=[]
cost=$0.01506 elapsed=270.5s
  PASS  all_turns_returned
  PASS  effect_reliability_at_least_95pct
  PASS  effect_accounting_balanced
  PASS  at_least_six_effect_families
  PASS  expected_turn_coverage_at_least_80pct
  PASS  no_final_dead_npc_contradiction
  PASS  no_dead_npc_state_reintroduction
  PASS  no_harness_errors
  PASS  ended_at_ash_gate
artifact: data\tool_reliability\20260722_002005_deepseek_v4_flash_qwen9b.json
